** Drc report for main.kicad_pcb **
** Created on 2026-09-28T05:51:39 **
** Report includes: Errors, Warnings, Exclusions **

** Found 486 DRC violations **
[track_dangling]: Track has unconnected end
    Local override; warning
    @(100.1125 mm, 76.9750 mm): Track [N$21] on F.Cu, length 2.4125 mm
[track_dangling]: Track has unconnected end
    Local override; warning
    @(136.0000 mm, 80.0000 mm): Track [I2C_SCL] on B.Cu, length 0.2000 mm
[track_dangling]: Track has unconnected end
    Local override; warning
    @(199.9625 mm, 61.7500 mm): Track [CHG_STAT] on F.Cu, length 1.0125 mm
[track_dangling]: Track has unconnected end
    Local override; warning
    @(77.8000 mm, 78.5500 mm): Track [EPD_PREVGL] on F.Cu, length 1.2250 mm
[track_dangling]: Track has unconnected end
    Local override; warning
    @(77.8000 mm, 80.0500 mm): Track [EPD_VSH1] on F.Cu, length 1.2250 mm
[track_dangling]: Track has unconnected end
    Local override; warning
    @(77.8000 mm, 78.0500 mm): Track [EPD_VCOM] on F.Cu, length 1.2250 mm
[silk_edge_clearance]: Silkscreen clipped by board edge
    Rule: board setup constraints silk; warning
    @(176.3328 mm, 60.9972 mm): Arc of D14 on Edge.Cuts
    @(175.5000 mm, 61.7700 mm): Reference field of R24
[silk_edge_clearance]: Silkscreen clipped by board edge
    Rule: board setup constraints silk; warning
    @(48.5000 mm, 40.0000 mm): Segment on Edge.Cuts
    @(59.3000 mm, 41.1500 mm): Segment of J7 on F.Silkscreen
[silk_edge_clearance]: Silkscreen clipped by board edge
    Rule: board setup constraints silk; warning
    @(48.5000 mm, 40.0000 mm): Segment on Edge.Cuts
    @(68.7000 mm, 41.1500 mm): Segment of J7 on F.Silkscreen
[silk_edge_clearance]: Silkscreen clipped by board edge
    Rule: board setup constraints silk; warning
    @(48.5000 mm, 40.0000 mm): Segment on Edge.Cuts
    @(194.3000 mm, 41.1500 mm): Segment of J1 on F.Silkscreen
[silk_edge_clearance]: Silkscreen clipped by board edge
    Rule: board setup constraints silk; warning
    @(48.5000 mm, 40.0000 mm): Segment on Edge.Cuts
    @(203.7000 mm, 41.1500 mm): Segment of J1 on F.Silkscreen
[silk_edge_clearance]: Silkscreen clipped by board edge
    Rule: board setup constraints silk; warning
    @(178.9672 mm, 60.9972 mm): Arc of D14 on Edge.Cuts
    @(179.7000 mm, 61.7700 mm): Reference field of R4
[hole_to_hole]: Drilled hole too close to other hole (rule 'fab: hole to hole 0.5 mm' min 0.5000 mm; actual 0.0000 mm)
    Rule: fab: hole to hole 0.5 mm; warning
    @(158.4000 mm, 68.1000 mm): Via [EN] on F.Cu - B.Cu
    @(158.4000 mm, 68.3000 mm): Via [EN] on F.Cu - B.Cu
[hole_to_hole]: Drilled hole too close to other hole (rule 'fab: hole to hole 0.5 mm' min 0.5000 mm; actual 0.0000 mm)
    Rule: fab: hole to hole 0.5 mm; warning
    @(200.3000 mm, 61.0000 mm): Via [VSYS] on F.Cu - B.Cu
    @(200.0000 mm, 61.0000 mm): Via [VSYS] on F.Cu - B.Cu
[hole_to_hole]: Drilled hole too close to other hole (rule 'fab: hole to hole 0.5 mm' min 0.5000 mm; actual 0.0000 mm)
    Rule: fab: hole to hole 0.5 mm; warning
    @(199.5000 mm, 59.4000 mm): Via [VBUS] on F.Cu - B.Cu
    @(199.6000 mm, 59.5000 mm): Via [VBUS] on F.Cu - B.Cu
[holes_co_located]: Drilled holes co-located
    Local override; warning
    @(63.1000 mm, 48.4000 mm): Via [HS_USB_DP] on F.Cu - B.Cu
    @(63.1000 mm, 48.4000 mm): Via [HS_USB_DP] on F.Cu - B.Cu
[lib_footprint_issues]: The current configuration does not include the footprint library 'Button_Switch_SMD'
    Local override; warning
    @(197.0000 mm, 86.8000 mm): Footprint SW1
[lib_footprint_issues]: The current configuration does not include the footprint library 'Resistor_SMD'
    Local override; warning
    @(170.2000 mm, 85.9000 mm): Footprint R20
[lib_footprint_issues]: The current configuration does not include the footprint library 'Resistor_SMD'
    Local override; warning
    @(214.4000 mm, 64.8000 mm): Footprint R44
[lib_footprint_issues]: The current configuration does not include the footprint library 'Capacitor_SMD'
    Local override; warning
    @(82.3000 mm, 70.0000 mm): Footprint C96
[lib_footprint_issues]: The current configuration does not include the footprint library 'Package_SO'
    Local override; warning
    @(98.0000 mm, 76.0000 mm): Footprint U9
[lib_footprint_issues]: The current configuration does not include the footprint library 'MountingHole'
    Local override; warning
    @(74.7000 mm, 122.6000 mm): Footprint H3
[lib_footprint_issues]: The current configuration does not include the footprint library 'Resistor_SMD'
    Local override; warning
    @(205.6000 mm, 63.0000 mm): Footprint R15
[lib_footprint_issues]: The current configuration does not include the footprint library 'Resistor_SMD'
    Local override; warning
    @(170.9000 mm, 63.2000 mm): Footprint R53
[lib_footprint_issues]: The current configuration does not include the footprint library 'Package_TO_SOT_SMD'
    Local override; warning
    @(209.4000 mm, 79.2000 mm): Footprint Q6
[lib_footprint_issues]: The current configuration does not include the footprint library 'Button_Switch_SMD'
    Local override; warning
    @(205.0000 mm, 86.8000 mm): Footprint SW2
[lib_footprint_issues]: The current configuration does not include the footprint library 'LED_SMD'
    Local override; warning
    @(181.5000 mm, 93.4000 mm): Footprint D22
[lib_footprint_issues]: The current configuration does not include the footprint library 'Capacitor_SMD'
    Local override; warning
    @(113.2000 mm, 73.2000 mm): Footprint C28
[lib_footprint_issues]: The current configuration does not include the footprint library 'Capacitor_SMD'
    Local override; warning
    @(50.8000 mm, 48.6000 mm): Footprint C65
[lib_footprint_issues]: The current configuration does not include the footprint library 'Capacitor_SMD'
    Local override; warning
    @(114.1000 mm, 68.8000 mm): Footprint C48
[lib_footprint_issues]: The current configuration does not include the footprint library 'Package_SO'
    Local override; warning
    @(150.0000 mm, 76.0000 mm): Footprint U13
[lib_footprint_issues]: The current configuration does not include the footprint library 'Capacitor_SMD'
    Local override; warning
    @(74.7000 mm, 88.9000 mm): Footprint C89
[lib_footprint_issues]: The current configuration does not include the footprint library 'Capacitor_SMD'
    Local override; warning
    @(166.5000 mm, 63.0000 mm): Footprint C14
[lib_footprint_issues]: The current configuration does not include the footprint library 'Capacitor_SMD'
    Local override; warning
    @(213.5000 mm, 103.3000 mm): Footprint C63
[lib_footprint_issues]: The current configuration does not include the footprint library 'Diode_SMD'
    Local override; warning
    @(91.0000 mm, 76.0000 mm): Footprint D24
[lib_footprint_issues]: The current configuration does not include the footprint library 'Diode_SMD'
    Local override; warning
    @(91.0000 mm, 71.0000 mm): Footprint D23
[lib_footprint_issues]: The current configuration does not include the footprint library 'MountingHole'
    Local override; warning
    @(185.3000 mm, 122.6000 mm): Footprint H4
[lib_footprint_issues]: The current configuration does not include the footprint library 'Inductor_SMD'
    Local override; warning
    @(86.0000 mm, 70.0000 mm): Footprint L3
[lib_footprint_issues]: The current configuration does not include the footprint library 'Resistor_SMD'
    Local override; warning
    @(200.7000 mm, 103.3000 mm): Footprint R48
[lib_footprint_issues]: The current configuration does not include the footprint library 'Capacitor_SMD'
    Local override; warning
    @(80.2000 mm, 96.9000 mm): Footprint C86
[lib_footprint_issues]: The current configuration does not include the footprint library 'Package_TO_SOT_SMD'
    Local override; warning
    @(86.0000 mm, 100.0000 mm): Footprint Q8
[lib_footprint_issues]: The current configuration does not include the footprint library 'Capacitor_SMD'
    Local override; warning
    @(124.2000 mm, 86.4000 mm): Footprint C12
[lib_footprint_issues]: The current configuration does not include the footprint library 'Capacitor_SMD'
    Local override; warning
    @(109.5000 mm, 70.3000 mm): Footprint C46
[lib_footprint_issues]: The current configuration does not include the footprint library 'Capacitor_SMD'
    Local override; warning
    @(117.5000 mm, 76.5000 mm): Footprint C42
[lib_footprint_issues]: The current configuration does not include the footprint library 'Capacitor_SMD'
    Local override; warning
    @(114.7000 mm, 81.4000 mm): Footprint C29
[lib_footprint_issues]: The current configuration does not include the footprint library 'Package_TO_SOT_SMD'
    Local override; warning
    @(143.4000 mm, 100.4000 mm): Footprint Q4
[lib_footprint_issues]: The current configuration does not include the footprint library 'Capacitor_SMD'
    Local override; warning
    @(159.4000 mm, 70.9000 mm): Footprint C16
[lib_footprint_issues]: The current configuration does not include the footprint library 'Capacitor_SMD'
    Local override; warning
    @(114.7000 mm, 77.7000 mm): Footprint C27
[lib_footprint_issues]: The current configuration does not include the footprint library 'Resistor_SMD'
    Local override; warning
    @(107.5000 mm, 86.1000 mm): Footprint R28
[lib_footprint_issues]: The current configuration does not include the footprint library 'Package_DFN_QFN'
    Local override; warning
    @(190.5000 mm, 79.5000 mm): Footprint U14
[lib_footprint_issues]: The current configuration does not include the footprint library 'Resistor_SMD'
    Local override; warning
    @(181.4000 mm, 86.8000 mm): Footprint R12
[lib_footprint_issues]: The current configuration does not include the footprint library 'MountingHole'
    Local override; warning
    @(74.7000 mm, 45.0000 mm): Footprint H1
[lib_footprint_issues]: The current configuration does not include the footprint library 'Resistor_SMD'
    Local override; warning
    @(205.0000 mm, 97.1000 mm): Footprint R46
[lib_footprint_issues]: The current configuration does not include the footprint library 'Resistor_SMD'
    Local override; warning
    @(213.0000 mm, 75.7000 mm): Footprint R55
[lib_footprint_issues]: The current configuration does not include the footprint library 'Capacitor_SMD'
    Local override; warning
    @(77.8000 mm, 73.2000 mm): Footprint C92
[lib_footprint_issues]: The current configuration does not include the footprint library 'Resistor_SMD'
    Local override; warning
    @(106.4000 mm, 90.5000 mm): Footprint R27
[lib_footprint_issues]: The current configuration does not include the footprint library 'Resistor_SMD'
    Local override; warning
    @(87.3000 mm, 81.5000 mm): Footprint R39
[lib_footprint_issues]: The current configuration does not include the footprint library 'Package_LGA'
    Local override; warning
    @(144.0000 mm, 96.0000 mm): Footprint U12
[lib_footprint_issues]: The current configuration does not include the footprint library 'Capacitor_SMD'
    Local override; warning
    @(117.2000 mm, 97.3000 mm): Footprint C24
[lib_footprint_issues]: The current configuration does not include the footprint library 'Resistor_SMD'
    Local override; warning
    @(72.6000 mm, 88.6000 mm): Footprint R77
[lib_footprint_issues]: The current configuration does not include the footprint library 'Capacitor_SMD'
    Local override; warning
    @(56.3000 mm, 52.1000 mm): Footprint C64
[lib_footprint_issues]: The current configuration does not include the footprint library 'Package_TO_SOT_SMD'
    Local override; warning
    @(180.7000 mm, 90.6000 mm): Footprint Q1
[lib_footprint_issues]: The current configuration does not include the footprint library 'Connector_PinSocket_2.54mm'
    Local override; warning
    @(202.0000 mm, 106.4000 mm): Footprint J5
[lib_footprint_issues]: The current configuration does not include the footprint library 'Resistor_SMD'
    Local override; warning
    @(157.8000 mm, 80.0000 mm): Footprint R54
[lib_footprint_issues]: The current configuration does not include the footprint library 'Resistor_SMD'
    Local override; warning
    @(114.9000 mm, 85.1000 mm): Footprint R30
[lib_footprint_issues]: The current configuration does not include the footprint library 'Package_TO_SOT_SMD'
    Local override; warning
    @(96.0000 mm, 66.5000 mm): Footprint U5
[lib_footprint_issues]: The current configuration does not include the footprint library 'Resistor_SMD'
    Local override; warning
    @(92.7000 mm, 66.1000 mm): Footprint R26
[lib_footprint_issues]: The current configuration does not include the footprint library 'Resistor_SMD'
    Local override; warning
    @(157.3000 mm, 75.8000 mm): Footprint R21
[lib_footprint_issues]: The current configuration does not include the footprint library 'Capacitor_SMD'
    Local override; warning
    @(102.6000 mm, 71.6000 mm): Footprint C47
[lib_footprint_issues]: The current configuration does not include the footprint library 'Resistor_SMD'
    Local override; warning
    @(110.2000 mm, 67.4000 mm): Footprint R29
[lib_footprint_issues]: The current configuration does not include the footprint library 'Capacitor_SMD'
    Local override; warning
    @(74.7000 mm, 81.2000 mm): Footprint C88
[lib_footprint_issues]: The current configuration does not include the footprint library 'MountingHole'
    Local override; warning
    @(194.0000 mm, 69.8000 mm): Footprint H8
[lib_footprint_issues]: The current configuration does not include the footprint library 'Resistor_SMD'
    Local override; warning
    @(167.8000 mm, 105.7000 mm): Footprint R22
[lib_footprint_issues]: The current configuration does not include the footprint library 'MountingHole'
    Local override; warning
    @(185.1000 mm, 69.4000 mm): Footprint H5
[lib_footprint_issues]: The current configuration does not include the footprint library 'Capacitor_SMD'
    Local override; warning
    @(87.7000 mm, 77.6000 mm): Footprint C97
[lib_footprint_issues]: The current configuration does not include the footprint library 'Resistor_SMD'
    Local override; warning
    @(54.3000 mm, 47.8000 mm): Footprint R52
[lib_footprint_issues]: The current configuration does not include the footprint library 'Capacitor_SMD'
    Local override; warning
    @(114.2000 mm, 98.1000 mm): Footprint C13
[lib_footprint_issues]: The current configuration does not include the footprint library 'Resistor_SMD'
    Local override; warning
    @(196.2000 mm, 56.5000 mm): Footprint R8
[lib_footprint_issues]: The current configuration does not include the footprint library 'Capacitor_SMD'
    Local override; warning
    @(178.8000 mm, 95.9000 mm): Footprint C85
[lib_footprint_issues]: The current configuration does not include the footprint library 'Package_TO_SOT_SMD'
    Local override; warning
    @(64.0000 mm, 52.0000 mm): Footprint D7
[lib_footprint_issues]: The current configuration does not include the footprint library 'Capacitor_SMD'
    Local override; warning
    @(200.8000 mm, 56.8000 mm): Footprint C11
[lib_footprint_issues]: The current configuration does not include the footprint library 'Resistor_SMD'
    Local override; warning
    @(175.5000 mm, 63.2000 mm): Footprint R24
[lib_footprint_issues]: The current configuration does not include the footprint library 'Resistor_SMD'
    Local override; warning
    @(184.0000 mm, 87.9000 mm): Footprint R34
[lib_footprint_issues]: The current configuration does not include the footprint library 'Resistor_SMD'
    Local override; warning
    @(184.5000 mm, 93.4000 mm): Footprint R75
[lib_footprint_issues]: The current configuration does not include the footprint library 'Package_DFN_QFN'
    Local override; warning
    @(198.5000 mm, 61.0000 mm): Footprint U2
[lib_footprint_issues]: The current configuration does not include the footprint library 'Resistor_SMD'
    Local override; warning
    @(168.5000 mm, 60.5000 mm): Footprint R16
[lib_footprint_issues]: The current configuration does not include the footprint library 'Resistor_SMD'
    Local override; warning
    @(178.1000 mm, 85.7000 mm): Footprint R10
[lib_footprint_issues]: The current configuration does not include the footprint library 'Resistor_SMD'
    Local override; warning
    @(212.7000 mm, 80.0000 mm): Footprint R56
[lib_footprint_issues]: The current configuration does not include the footprint library 'MountingHole'
    Local override; warning
    @(216.0000 mm, 69.8000 mm): Footprint H9
[lib_footprint_issues]: The current configuration does not include the footprint library 'Resistor_SMD'
    Local override; warning
    @(217.7000 mm, 64.0000 mm): Footprint R43
[lib_footprint_issues]: The current configuration does not include the footprint library 'Package_TO_SOT_SMD'
    Local override; warning
    @(86.0000 mm, 96.0000 mm): Footprint Q7
[lib_footprint_issues]: The current configuration does not include the footprint library 'MountingHole'
    Local override; warning
    @(66.0000 mm, 69.8000 mm): Footprint H7
[lib_footprint_issues]: The current configuration does not include the footprint library 'Capacitor_SMD'
    Local override; warning
    @(104.1000 mm, 74.5000 mm): Footprint C44
[lib_footprint_issues]: The current configuration does not include the footprint library 'Package_SO'
    Local override; warning
    @(203.0000 mm, 77.5000 mm): Footprint U16
[lib_footprint_issues]: The current configuration does not include the footprint library 'Resistor_SMD'
    Local override; warning
    @(87.1000 mm, 93.1000 mm): Footprint R74
[lib_footprint_issues]: The current configuration does not include the footprint library 'Resistor_SMD'
    Local override; warning
    @(175.3000 mm, 86.8000 mm): Footprint R11
[lib_footprint_issues]: The current configuration does not include the footprint library 'Resistor_SMD'
    Local override; warning
    @(104.1000 mm, 86.5000 mm): Footprint R38
[lib_footprint_issues]: The current configuration does not include the footprint library 'Capacitor_SMD'
    Local override; warning
    @(74.1000 mm, 77.4000 mm): Footprint C90
[lib_footprint_issues]: The current configuration does not include the footprint library 'Capacitor_SMD'
    Local override; warning
    @(115.0000 mm, 94.9000 mm): Footprint C21
[lib_footprint_issues]: The current configuration does not include the footprint library 'Package_TO_SOT_SMD'
    Local override; warning
    @(211.0000 mm, 58.8000 mm): Footprint U10
[lib_footprint_issues]: The current configuration does not include the footprint library 'Resistor_SMD'
    Local override; warning
    @(177.2000 mm, 90.7000 mm): Footprint R33
[lib_footprint_issues]: The current configuration does not include the footprint library 'Package_TO_SOT_SMD'
    Local override; warning
    @(200.5000 mm, 67.3000 mm): Footprint U3
[lib_footprint_issues]: The current configuration does not include the footprint library 'Capacitor_SMD'
    Local override; warning
    @(73.7000 mm, 74.4000 mm): Footprint C93
[lib_footprint_issues]: The current configuration does not include the footprint library 'Capacitor_SMD'
    Local override; warning
    @(196.1000 mm, 65.3000 mm): Footprint C8
[lib_footprint_issues]: The current configuration does not include the footprint library 'Capacitor_SMD'
    Local override; warning
    @(106.8000 mm, 68.8000 mm): Footprint C49
[lib_footprint_issues]: The current configuration does not include the footprint library 'Diode_SMD'
    Local override; warning
    @(91.0000 mm, 81.0000 mm): Footprint D25
[lib_footprint_issues]: The current configuration does not include the footprint library 'Capacitor_SMD'
    Local override; warning
    @(108.1000 mm, 101.4000 mm): Footprint C19
[lib_footprint_issues]: The current configuration does not include the footprint library 'Resistor_SMD'
    Local override; warning
    @(191.4000 mm, 44.7000 mm): Footprint R2
[lib_footprint_issues]: The current configuration does not include the footprint library 'Capacitor_SMD'
    Local override; warning
    @(106.5000 mm, 72.5000 mm): Footprint C32
[lib_footprint_issues]: The current configuration does not include the footprint library 'OptoDevice'
    Local override; warning
    @(217.0000 mm, 59.0000 mm): Footprint U11
[lib_footprint_issues]: The current configuration does not include the footprint library 'Capacitor_SMD'
    Local override; warning
    @(111.1000 mm, 92.8000 mm): Footprint C22
[lib_footprint_issues]: The current configuration does not include the footprint library 'Resistor_SMD'
    Local override; warning
    @(119.5000 mm, 101.3000 mm): Footprint R36
[lib_footprint_issues]: The current configuration does not include the footprint library 'Capacitor_SMD'
    Local override; warning
    @(99.2000 mm, 64.9000 mm): Footprint C17
[lib_footprint_issues]: The current configuration does not include the footprint library 'Capacitor_SMD'
    Local override; warning
    @(114.7000 mm, 92.1000 mm): Footprint C23
[lib_footprint_issues]: The current configuration does not include the footprint library 'Capacitor_SMD'
    Local override; warning
    @(209.2000 mm, 55.8000 mm): Footprint C58
[lib_footprint_issues]: The current configuration does not include the footprint library 'Capacitor_SMD'
    Local override; warning
    @(159.4000 mm, 65.9000 mm): Footprint C15
[lib_footprint_issues]: The current configuration does not include the footprint library 'Capacitor_SMD'
    Local override; warning
    @(101.3000 mm, 81.4000 mm): Footprint C53
[lib_footprint_issues]: The current configuration does not include the footprint library 'Capacitor_SMD'
    Local override; warning
    @(106.8000 mm, 82.8000 mm): Footprint C26
[lib_footprint_issues]: The current configuration does not include the footprint library 'Capacitor_SMD'
    Local override; warning
    @(73.3000 mm, 100.2000 mm): Footprint C87
[lib_footprint_issues]: The current configuration does not include the footprint library 'Capacitor_SMD'
    Local override; warning
    @(206.5000 mm, 71.1000 mm): Footprint C67
[lib_footprint_issues]: The current configuration does not include the footprint library 'Inductor_SMD'
    Local override; warning
    @(206.0000 mm, 67.3000 mm): Footprint L1
[lib_footprint_issues]: The current configuration does not include the footprint library 'Resistor_SMD'
    Local override; warning
    @(204.6000 mm, 57.9000 mm): Footprint R7
[lib_footprint_issues]: The current configuration does not include the footprint library 'Capacitor_SMD'
    Local override; warning
    @(112.6000 mm, 101.6000 mm): Footprint C20
[lib_footprint_issues]: The current configuration does not include the footprint library 'Capacitor_SMD'
    Local override; warning
    @(116.5000 mm, 101.3000 mm): Footprint C43
[lib_footprint_issues]: The current configuration does not include the footprint library 'Resistor_SMD'
    Local override; warning
    @(186.2000 mm, 75.5000 mm): Footprint R25
[lib_footprint_issues]: The current configuration does not include the footprint library 'Connector_USB'
    Local override; warning
    @(64.0000 mm, 43.1500 mm): Footprint J7
[lib_footprint_issues]: The current configuration does not include the footprint library 'Capacitor_SMD'
    Local override; warning
    @(154.9000 mm, 75.5000 mm): Footprint C61
[lib_footprint_issues]: The current configuration does not include the footprint library 'Resistor_SMD'
    Local override; warning
    @(183.8000 mm, 64.5000 mm): Footprint R3
[lib_footprint_issues]: The current configuration does not include the footprint library 'Resistor_SMD'
    Local override; warning
    @(59.4000 mm, 52.0000 mm): Footprint R50
[lib_footprint_issues]: The current configuration does not include the footprint library 'TestPoint'
    Local override; warning
    @(195.4000 mm, 78.7000 mm): Footprint TP11
[lib_footprint_issues]: The current configuration does not include the footprint library 'Capacitor_SMD'
    Local override; warning
    @(147.4000 mm, 94.2000 mm): Footprint C59
[lib_footprint_issues]: The current configuration does not include the footprint library 'Capacitor_SMD'
    Local override; warning
    @(73.7000 mm, 84.2000 mm): Footprint C91
[lib_footprint_issues]: The current configuration does not include the footprint library 'Resistor_SMD'
    Local override; warning
    @(197.4000 mm, 81.8000 mm): Footprint R6
[lib_footprint_issues]: The current configuration does not include the footprint library 'Inductor_SMD'
    Local override; warning
    @(102.9000 mm, 67.3000 mm): Footprint FB1
[lib_footprint_issues]: The current configuration does not include the footprint library 'Capacitor_SMD'
    Local override; warning
    @(101.2000 mm, 69.4000 mm): Footprint C55
[lib_footprint_issues]: The current configuration does not include the footprint library 'Package_DFN_QFN'
    Local override; warning
    @(110.0000 mm, 78.0000 mm): Footprint U7
[lib_footprint_issues]: The current configuration does not include the footprint library 'Capacitor_SMD'
    Local override; warning
    @(191.5000 mm, 60.1000 mm): Footprint C1
[lib_footprint_issues]: The current configuration does not include the footprint library 'Capacitor_SMD'
    Local override; warning
    @(186.8000 mm, 78.6000 mm): Footprint C62
[lib_footprint_issues]: The current configuration does not include the footprint library 'Capacitor_SMD'
    Local override; warning
    @(112.2000 mm, 103.8000 mm): Footprint C51
[lib_footprint_issues]: The current configuration does not include the footprint library 'Resistor_SMD'
    Local override; warning
    @(197.8000 mm, 78.8000 mm): Footprint R5
[lib_footprint_issues]: The current configuration does not include the footprint library 'Resistor_SMD'
    Local override; warning
    @(74.1000 mm, 92.7000 mm): Footprint R76
[lib_footprint_issues]: The current configuration does not include the footprint library 'Capacitor_SMD'
    Local override; warning
    @(202.7000 mm, 61.7000 mm): Footprint C5
[lib_footprint_issues]: The current configuration does not include the footprint library 'Capacitor_SMD'
    Local override; warning
    @(111.6000 mm, 83.0000 mm): Footprint C30
[lib_footprint_issues]: The current configuration does not include the footprint library 'Capacitor_SMD'
    Local override; warning
    @(105.3000 mm, 78.3000 mm): Footprint C25
[lib_footprint_issues]: The current configuration does not include the footprint library 'Resistor_SMD'
    Local override; warning
    @(209.2000 mm, 61.8000 mm): Footprint R41
[lib_footprint_issues]: The current configuration does not include the footprint library 'Diode_SMD'
    Local override; warning
    @(191.5000 mm, 56.5000 mm): Footprint D3
[lib_footprint_issues]: The current configuration does not include the footprint library 'Resistor_SMD'
    Local override; warning
    @(205.8000 mm, 103.3000 mm): Footprint R47
[lib_footprint_issues]: The current configuration does not include the footprint library 'Package_TO_SOT_SMD'
    Local override; warning
    @(208.8000 mm, 74.7000 mm): Footprint Q5
[lib_footprint_issues]: The current configuration does not include the footprint library 'MountingHole'
    Local override; warning
    @(45.0000 mm, 69.8000 mm): Footprint H6
[lib_footprint_issues]: The current configuration does not include the footprint library 'Resistor_SMD'
    Local override; warning
    @(183.4000 mm, 74.2000 mm): Footprint R19
[lib_footprint_issues]: The current configuration does not include the footprint library 'Capacitor_SMD'
    Local override; warning
    @(116.8000 mm, 79.5000 mm): Footprint C37
[lib_footprint_issues]: The current configuration does not include the footprint library 'Package_TO_SOT_SMD'
    Local override; warning
    @(195.5000 mm, 51.2000 mm): Footprint D2
[lib_footprint_issues]: The current configuration does not include the footprint library 'Package_TO_SOT_SMD'
    Local override; warning
    @(161.6000 mm, 87.0000 mm): Footprint Q3
[lib_footprint_issues]: The current configuration does not include the footprint library 'RF_Module'
    Local override; warning
    @(172.0000 mm, 74.2000 mm): Footprint U1
[lib_footprint_issues]: The current configuration does not include the footprint library 'Capacitor_SMD'
    Local override; warning
    @(176.6000 mm, 102.8000 mm): Footprint C10
[lib_footprint_issues]: The current configuration does not include the footprint library 'Resistor_SMD'
    Local override; warning
    @(201.7000 mm, 101.0000 mm): Footprint R49
[lib_footprint_issues]: The current configuration does not include the footprint library 'Capacitor_SMD'
    Local override; warning
    @(83.0000 mm, 96.1000 mm): Footprint C4
[lib_footprint_issues]: The current configuration does not include the footprint library 'Diode_SMD'
    Local override; warning
    @(53.0000 mm, 57.0000 mm): Footprint D8
[lib_footprint_issues]: The current configuration does not include the footprint library 'Resistor_SMD'
    Local override; warning
    @(204.0000 mm, 51.7000 mm): Footprint R1
[lib_footprint_issues]: The current configuration does not include the footprint library 'Capacitor_SMD'
    Local override; warning
    @(110.6000 mm, 85.1000 mm): Footprint C36
[lib_footprint_issues]: The current configuration does not include the footprint library 'Connector_USB'
    Local override; warning
    @(199.0000 mm, 43.1500 mm): Footprint J1
[lib_footprint_issues]: The current configuration does not include the footprint library 'Capacitor_SMD'
    Local override; warning
    @(190.3000 mm, 98.8000 mm): Footprint C40
[lib_footprint_issues]: The current configuration does not include the footprint library 'Capacitor_SMD'
    Local override; warning
    @(140.6000 mm, 94.9000 mm): Footprint C60
[lib_footprint_issues]: The current configuration does not include the footprint library 'Resistor_SMD'
    Local override; warning
    @(201.3000 mm, 70.3000 mm): Footprint R14
[lib_footprint_issues]: The current configuration does not include the footprint library 'Capacitor_SMD'
    Local override; warning
    @(117.3000 mm, 83.1000 mm): Footprint C41
[lib_footprint_issues]: The current configuration does not include the footprint library 'Capacitor_SMD'
    Local override; warning
    @(111.8000 mm, 90.5000 mm): Footprint C39
[lib_footprint_issues]: The current configuration does not include the footprint library 'Capacitor_SMD'
    Local override; warning
    @(99.0000 mm, 71.9000 mm): Footprint C54
[lib_footprint_issues]: The current configuration does not include the footprint library 'Package_TO_SOT_SMD'
    Local override; warning
    @(201.0000 mm, 51.2000 mm): Footprint D1
[lib_footprint_issues]: The current configuration does not include the footprint library 'Package_DFN_QFN'
    Local override; warning
    @(110.0000 mm, 97.0000 mm): Footprint U6
[lib_footprint_issues]: The current configuration does not include the footprint library 'Capacitor_SMD'
    Local override; warning
    @(117.9000 mm, 94.3000 mm): Footprint C45
[lib_footprint_issues]: The current configuration does not include the footprint library 'Capacitor_SMD'
    Local override; warning
    @(108.5000 mm, 104.0000 mm): Footprint C52
[lib_footprint_issues]: The current configuration does not include the footprint library 'Resistor_SMD'
    Local override; warning
    @(56.5000 mm, 47.1000 mm): Footprint R51
[lib_footprint_issues]: The current configuration does not include the footprint library 'Resistor_SMD'
    Local override; warning
    @(165.5000 mm, 102.6000 mm): Footprint R23
[lib_footprint_issues]: The current configuration does not include the footprint library 'Package_TO_SOT_SMD'
    Local override; warning
    @(86.0000 mm, 75.0000 mm): Footprint Q9
[lib_footprint_issues]: The current configuration does not include the footprint library 'Diode_SMD'
    Local override; warning
    @(53.0000 mm, 61.5000 mm): Footprint D9
[lib_footprint_issues]: The current configuration does not include the footprint library 'Package_SO'
    Local override; warning
    @(78.5000 mm, 101.5000 mm): Footprint U19
[lib_footprint_issues]: The current configuration does not include the footprint library 'Resistor_SMD'
    Local override; warning
    @(166.4000 mm, 86.0000 mm): Footprint R18
[lib_footprint_issues]: The current configuration does not include the footprint library 'NetTie'
    Local override; warning
    @(118.3000 mm, 74.9000 mm): Footprint NT1
[lib_footprint_issues]: The current configuration does not include the footprint library 'Resistor_SMD'
    Local override; warning
    @(182.9000 mm, 82.2000 mm): Footprint R17
[lib_footprint_issues]: The current configuration does not include the footprint library 'MountingHole'
    Local override; warning
    @(185.3000 mm, 45.0000 mm): Footprint H2
[lib_footprint_issues]: The current configuration does not include the footprint library 'OptoDevice'
    Local override; warning
    @(181.5000 mm, 97.8000 mm): Footprint U18
[lib_footprint_issues]: The current configuration does not include the footprint library 'Capacitor_SMD'
    Local override; warning
    @(70.8000 mm, 76.6000 mm): Footprint C95
[lib_footprint_issues]: The current configuration does not include the footprint library 'Package_TO_SOT_SMD'
    Local override; warning
    @(205.9000 mm, 100.2000 mm): Footprint Q2
[lib_footprint_issues]: The current configuration does not include the footprint library 'Capacitor_SMD'
    Local override; warning
    @(116.2000 mm, 73.6000 mm): Footprint C34
[lib_footprint_issues]: The current configuration does not include the footprint library 'Package_TO_SOT_SMD'
    Local override; warning
    @(121.0000 mm, 88.0000 mm): Footprint U4
[lib_footprint_issues]: The current configuration does not include the footprint library 'Capacitor_SMD'
    Local override; warning
    @(107.2000 mm, 92.7000 mm): Footprint C38
[lib_footprint_issues]: The current configuration does not include the footprint library 'Capacitor_SMD'
    Local override; warning
    @(112.6000 mm, 71.0000 mm): Footprint C33
[lib_footprint_issues]: The current configuration does not include the footprint library 'Inductor_SMD'
    Local override; warning
    @(97.3000 mm, 69.3000 mm): Footprint FB2
[lib_footprint_issues]: The current configuration does not include the footprint library 'Capacitor_SMD'
    Local override; warning
    @(77.8000 mm, 71.0000 mm): Footprint C94
[lib_footprint_issues]: The current configuration does not include the footprint library 'Capacitor_SMD'
    Local override; warning
    @(159.4000 mm, 76.9000 mm): Footprint C66
[lib_footprint_issues]: The current configuration does not include the footprint library 'Capacitor_SMD'
    Local override; warning
    @(109.5000 mm, 73.3000 mm): Footprint C31
[lib_footprint_issues]: The current configuration does not include the footprint library 'TestPoint'
    Local override; warning
    @(197.8000 mm, 74.5000 mm): Footprint TP10
[lib_footprint_issues]: The current configuration does not include the footprint library 'Resistor_SMD'
    Local override; warning
    @(179.7000 mm, 63.2000 mm): Footprint R4
[lib_footprint_issues]: The current configuration does not include the footprint library 'Resistor_SMD'
    Local override; warning
    @(144.0000 mm, 92.4000 mm): Footprint R45
[lib_footprint_issues]: The current configuration does not include the footprint library 'Capacitor_SMD'
    Local override; warning
    @(56.8000 mm, 61.5000 mm): Footprint C3
[lib_footprint_issues]: The current configuration does not include the footprint library 'Connector_JST'
    Local override; warning
    @(171.0000 mm, 100.0000 mm): Footprint J3
[lib_footprint_issues]: The current configuration does not include the footprint library 'Capacitor_SMD'
    Local override; warning
    @(56.8000 mm, 57.0000 mm): Footprint C2
[lib_footprint_issues]: The current configuration does not include the footprint library 'Capacitor_SMD'
    Local override; warning
    @(94.9000 mm, 71.8000 mm): Footprint C50
[lib_footprint_issues]: The current configuration does not include the footprint library 'Resistor_SMD'
    Local override; warning
    @(87.5000 mm, 86.1000 mm): Footprint R40
[lib_footprint_issues]: The current configuration does not include the footprint library 'Resistor_SMD'
    Local override; warning
    @(215.4000 mm, 54.1000 mm): Footprint R42
[lib_footprint_issues]: The current configuration does not include the footprint library 'Resistor_SMD'
    Local override; warning
    @(117.9000 mm, 91.3000 mm): Footprint R37
[lib_footprint_issues]: The current configuration does not include the footprint library 'Capacitor_SMD'
    Local override; warning
    @(105.8000 mm, 97.0000 mm): Footprint C18
[lib_footprint_issues]: The current configuration does not include the footprint library 'Fuse'
    Local override; warning
    @(191.5000 mm, 50.5000 mm): Footprint F1
[lib_footprint_issues]: The current configuration does not include the footprint library 'Package_TO_SOT_SMD'
    Local override; warning
    @(53.0000 mm, 51.5000 mm): Footprint U15
[lib_footprint_issues]: The current configuration does not include the footprint library 'TestPoint'
    Local override; warning
    @(144.0000 mm, 72.1200 mm): Footprint TP21
[lib_footprint_issues]: The current configuration does not include the footprint library 'LED_SMD'
    Local override; warning
    @(139.5500 mm, 117.8800 mm): Footprint D17
[lib_footprint_issues]: The current configuration does not include the footprint library 'Resistor_SMD'
    Local override; warning
    @(134.8000 mm, 77.4000 mm): Footprint R60
[lib_footprint_issues]: The current configuration does not include the footprint library 'LED_SMD'
    Local override; warning
    @(158.6000 mm, 117.8800 mm): Footprint D16
[lib_footprint_issues]: The current configuration does not include the footprint library 'Capacitor_SMD'
    Local override; warning
    @(210.0000 mm, 95.6000 mm): Footprint C9
[lib_footprint_issues]: The current configuration does not include the footprint library 'LED_SMD'
    Local override; warning
    @(101.4500 mm, 59.8800 mm): Footprint D10
[lib_footprint_issues]: The current configuration does not include the footprint library 'TestPoint'
    Local override; warning
    @(154.1600 mm, 67.0400 mm): Footprint TP13
[lib_footprint_issues]: The current configuration does not include the footprint library 'Capacitor_SMD'
    Local override; warning
    @(88.0000 mm, 117.8800 mm): Footprint C83
[lib_footprint_issues]: The current configuration does not include the footprint library 'LED_SMD'
    Local override; warning
    @(177.6500 mm, 59.8800 mm): Footprint D14
[lib_footprint_issues]: The current configuration does not include the footprint library 'LED_SMD'
    Local override; warning
    @(139.5500 mm, 59.8800 mm): Footprint D12
[lib_footprint_issues]: The current configuration does not include the footprint library 'Capacitor_SMD'
    Local override; warning
    @(130.0000 mm, 79.3000 mm): Footprint C69
[text_thickness]: Text thickness out of range (rule 'fab: silkscreen text >= 0.8 mm' min thickness 0.1200 mm; actual 0.1000 mm)
    Rule: fab: silkscreen text >= 0.8 mm; warning
    @(214.6800 mm, 62.7600 mm): Footprint text of U11 (1)
[silk_overlap]: Silkscreen clearance
    Rule: board setup constraints silk; warning
    @(205.9000 mm, 97.8000 mm): Reference field of Q2
    @(204.7627 mm, 97.6225 mm): Segment of R46 on F.Silkscreen
[silk_overlap]: Silkscreen clearance
    Rule: board setup constraints silk; warning
    @(201.4627 mm, 101.5225 mm): Segment of R49 on F.Silkscreen
    @(200.7000 mm, 101.8700 mm): Reference field of R48
[silk_overlap]: Silkscreen clearance
    Rule: board setup constraints silk; warning
    @(205.8000 mm, 101.8700 mm): Reference field of R47
    @(205.1400 mm, 101.7600 mm): Segment of Q2 on F.Silkscreen
[silk_overlap]: Silkscreen clearance
    Rule: board setup constraints silk; warning
    @(205.8000 mm, 101.8700 mm): Reference field of R47
    @(206.6600 mm, 101.7600 mm): Segment of Q2 on F.Silkscreen
[silk_overlap]: Silkscreen clearance
    Rule: board setup constraints silk; warning
    @(206.6600 mm, 100.7600 mm): Segment of Q2 on F.Silkscreen
    @(205.8000 mm, 101.8700 mm): Reference field of R47
[silk_overlap]: Silkscreen clearance
    Rule: board setup constraints silk; warning
    @(196.3700 mm, 78.8000 mm): Reference field of R5
    @(195.4000 mm, 78.7000 mm): Circle of TP11 on F.Silkscreen
[silk_overlap]: Silkscreen clearance
    Rule: board setup constraints silk; warning
    @(195.0000 mm, 98.8000 mm): Circle of MK1 on F.Silkscreen
    @(197.2000 mm, 96.9000 mm): Footprint text of MK1 (-)
[silk_overlap]: Silkscreen clearance
    Rule: board setup constraints silk; warning
    @(181.2000 mm, 84.0000 mm): Segment of U1 on F.Silkscreen
    @(181.4700 mm, 82.2000 mm): Reference field of R17
[silk_overlap]: Silkscreen clearance
    Rule: board setup constraints silk; warning
    @(85.2400 mm, 97.5600 mm): Segment of Q7 on F.Silkscreen
    @(86.0000 mm, 97.6000 mm): Reference field of Q8
[silk_overlap]: Silkscreen clearance
    Rule: board setup constraints silk; warning
    @(86.7600 mm, 96.5600 mm): Segment of Q7 on F.Silkscreen
    @(86.0000 mm, 97.6000 mm): Reference field of Q8
[silk_overlap]: Silkscreen clearance
    Rule: board setup constraints silk; warning
    @(86.7600 mm, 97.5600 mm): Segment of Q7 on F.Silkscreen
    @(86.0000 mm, 97.6000 mm): Reference field of Q8
[silk_overlap]: Silkscreen clearance
    Rule: board setup constraints silk; warning
    @(73.1225 mm, 88.8373 mm): Segment of R77 on F.Silkscreen
    @(73.2700 mm, 88.9000 mm): Reference field of C89
[silk_overlap]: Silkscreen clearance
    Rule: board setup constraints silk; warning
    @(78.5000 mm, 98.1000 mm): Reference field of U19
    @(78.7700 mm, 96.9000 mm): Reference field of C86
[silk_overlap]: Silkscreen clearance
    Rule: board setup constraints silk; warning
    @(87.7000 mm, 75.9200 mm): Reference field of C97
    @(86.7350 mm, 75.4850 mm): Segment of Q9 on F.Silkscreen
[silk_overlap]: Silkscreen clearance
    Rule: board setup constraints silk; warning
    @(86.7350 mm, 76.1350 mm): Segment of Q9 on F.Silkscreen
    @(87.7000 mm, 75.9200 mm): Reference field of C97
[silk_overlap]: Silkscreen clearance
    Rule: board setup constraints silk; warning
    @(97.3000 mm, 67.8700 mm): Reference field of FB2
    @(96.9100 mm, 68.0600 mm): Segment of U5 on F.Silkscreen
[silk_overlap]: Silkscreen clearance
    Rule: board setup constraints silk; warning
    @(181.4600 mm, 92.1600 mm): Segment of Q1 on F.Silkscreen
    @(181.5000 mm, 91.9700 mm): Reference field of D22
[silk_overlap]: Silkscreen clearance
    Rule: board setup constraints silk; warning
    @(181.5000 mm, 91.9700 mm): Reference field of D22
    @(181.4600 mm, 91.1600 mm): Segment of Q1 on F.Silkscreen
[silk_overlap]: Silkscreen clearance
    Rule: board setup constraints silk; warning
    @(179.9700 mm, 86.8000 mm): Reference field of R12
    @(180.7000 mm, 88.2000 mm): Reference field of Q1
[silk_overlap]: Silkscreen clearance
    Rule: board setup constraints silk; warning
    @(155.4100 mm, 75.6406 mm): Segment of C61 on F.Silkscreen
    @(155.8700 mm, 75.8000 mm): Reference field of R21
[silk_overlap]: Silkscreen clearance
    Rule: board setup constraints silk; warning
    @(157.9700 mm, 76.9000 mm): Reference field of C66
    @(157.8225 mm, 76.0373 mm): Segment of R21 on F.Silkscreen
[silk_overlap]: Silkscreen clearance
    Rule: board setup constraints silk; warning
    @(208.1100 mm, 69.4100 mm): Segment of L1 on F.Silkscreen
    @(206.5000 mm, 69.6700 mm): Reference field of C67
[silk_overlap]: Silkscreen clearance
    Rule: board setup constraints silk; warning
    @(201.3000 mm, 68.8700 mm): Reference field of R14
    @(201.4100 mm, 68.8600 mm): Segment of U3 on F.Silkscreen
[silk_overlap]: Silkscreen clearance
    Rule: board setup constraints silk; warning
    @(201.4100 mm, 68.8100 mm): Segment of U3 on F.Silkscreen
    @(201.3000 mm, 68.8700 mm): Reference field of R14
[silk_overlap]: Silkscreen clearance
    Rule: board setup constraints silk; warning
    @(202.5700 mm, 51.7000 mm): Reference field of R1
    @(202.5600 mm, 52.1100 mm): Segment of D1 on F.Silkscreen
[silk_overlap]: Silkscreen clearance
    Rule: board setup constraints silk; warning
    @(202.5600 mm, 50.2900 mm): Segment of D1 on F.Silkscreen
    @(202.5700 mm, 51.7000 mm): Reference field of R1
[silk_overlap]: Silkscreen clearance
    Rule: board setup constraints silk; warning
    @(191.5000 mm, 58.6700 mm): Reference field of C1
    @(190.5000 mm, 58.7100 mm): Segment of D3 on F.Silkscreen
[silk_overlap]: Silkscreen clearance
    Rule: board setup constraints silk; warning
    @(112.2000 mm, 102.3700 mm): Reference field of C51
    @(112.4594 mm, 102.1100 mm): Segment of C20 on F.Silkscreen
[silk_overlap]: Silkscreen clearance
    Rule: board setup constraints silk; warning
    @(112.4594 mm, 71.5100 mm): Segment of C33 on F.Silkscreen
    @(113.2000 mm, 71.7700 mm): Reference field of C28
[silk_overlap]: Silkscreen clearance
    Rule: board setup constraints silk; warning
    @(87.7000 mm, 75.9200 mm): Reference field of C97
    @(89.0000 mm, 76.0000 mm): Reference field of D24
[silk_overlap]: Silkscreen clearance
    Rule: board setup constraints silk; warning
    @(77.8000 mm, 71.7700 mm): Reference field of C92
    @(77.6594 mm, 71.5100 mm): Segment of C94 on F.Silkscreen
[silk_overlap]: Silkscreen clearance
    Rule: board setup constraints silk; warning
    @(64.0000 mm, 48.7950 mm): Reference field of J7
    @(64.0000 mm, 49.6000 mm): Reference field of D7
[silk_overlap]: Silkscreen clearance
    Rule: board setup constraints silk; warning
    @(53.0000 mm, 49.1000 mm): Reference field of U15
    @(52.8700 mm, 47.8000 mm): Reference field of R52
[silk_overlap]: Silkscreen clearance
    Rule: board setup constraints silk; warning
    @(54.8225 mm, 48.0373 mm): Segment of R52 on F.Silkscreen
    @(55.0700 mm, 47.1000 mm): Reference field of R51
[silk_overlap]: Silkscreen clearance
    Rule: board setup constraints silk; warning
    @(107.2000 mm, 91.2700 mm): Reference field of C38
    @(106.1627 mm, 91.0225 mm): Segment of R27 on F.Silkscreen
[silk_overlap]: Silkscreen clearance
    Rule: board setup constraints silk; warning
    @(111.4594 mm, 83.5100 mm): Segment of C30 on F.Silkscreen
    @(110.6000 mm, 83.6700 mm): Reference field of C36
[silk_overlap]: Silkscreen clearance
    Rule: board setup constraints silk; warning
    @(111.6594 mm, 91.0100 mm): Segment of C39 on F.Silkscreen
    @(111.1000 mm, 91.3700 mm): Reference field of C22
[silk_over_copper]: Silkscreen clipped by solder mask
    Local override; warning
    @(209.4000 mm, 76.8000 mm): Reference field of Q6
    @(209.7500 mm, 75.6375 mm): Pad 2 [UART_RTS] of Q5 on F.Cu
[silk_over_copper]: Silkscreen clipped by solder mask
    Local override; warning
    @(211.2700 mm, 80.0000 mm): Reference field of R56
    @(210.3375 mm, 79.2000 mm): Pad 3 [BOOT] of Q6 on F.Cu
[silk_over_copper]: Silkscreen clipped by solder mask
    Local override; warning
    @(206.4000 mm, 74.7000 mm): Reference field of Q5
    @(205.4750 mm, 75.5950 mm): Pad 14 [UART_RTS] of U16 on F.Cu
[silk_over_copper]: Silkscreen clipped by solder mask
    Local override; warning
    @(206.4000 mm, 74.7000 mm): Reference field of Q5
    @(205.4750 mm, 74.3250 mm): Pad 15 [<no net>] of U16 on F.Cu
[silk_over_copper]: Silkscreen clipped by solder mask
    Local override; warning
    @(205.9000 mm, 97.8000 mm): Reference field of Q2
    @(205.8250 mm, 97.1000 mm): Pad 2 [LD_PFET_G] of R46 on F.Cu
[silk_over_copper]: Silkscreen clipped by solder mask
    Local override; warning
    @(205.8000 mm, 101.8700 mm): Reference field of R47
    @(204.9625 mm, 101.1500 mm): Pad 2 [VBUS] of Q2 on F.Cu
[silk_over_copper]: Silkscreen clipped by solder mask
    Local override; warning
    @(197.4000 mm, 80.3700 mm): Reference field of R6
    @(197.8000 mm, 79.6250 mm): Pad 1 [USB_DP_C] of R5 on F.Cu
[silk_over_copper]: Silkscreen clipped by solder mask
    Local override; warning
    @(196.3700 mm, 78.8000 mm): Reference field of R5
    @(195.4000 mm, 78.7000 mm): Pad 1 [USB_DN] of TP11 on F.Cu
[silk_over_copper]: Silkscreen clipped by solder mask
    Local override; warning
    @(183.0700 mm, 93.4000 mm): Reference field of R75
    @(182.2875 mm, 93.4000 mm): Pad 2 [PRIV_LED_A] of D22 on F.Cu
[silk_over_copper]: Silkscreen clipped by solder mask
    Local override; warning
    @(178.1000 mm, 84.2700 mm): Reference field of R10
    @(177.7150 mm, 83.5500 mm): Pad 25 [PGOOD] of U1 on F.Cu
[silk_over_copper]: Silkscreen clipped by solder mask
    Local override; warning
    @(178.1000 mm, 84.2700 mm): Reference field of R10
    @(178.9850 mm, 83.5500 mm): Pad 26 [CHG_CE] of U1 on F.Cu
[silk_over_copper]: Silkscreen clipped by solder mask
    Local override; warning
    @(181.9700 mm, 74.2000 mm): Reference field of R19
    @(180.7500 mm, 74.6800 mm): Pad 33 [LD_TX] of U1 on F.Cu
[silk_over_copper]: Silkscreen clipped by solder mask
    Local override; warning
    @(181.4700 mm, 82.2000 mm): Reference field of R17
    @(180.7500 mm, 82.3000 mm): Pad 27 [BOOT] of U1 on F.Cu
[silk_over_copper]: Silkscreen clipped by solder mask
    Local override; warning
    @(181.4700 mm, 82.2000 mm): Reference field of R17
    @(180.7500 mm, 81.0300 mm): Pad 28 [<no net>] of U1 on F.Cu
[silk_over_copper]: Silkscreen clipped by solder mask
    Local override; warning
    @(166.4000 mm, 84.5700 mm): Reference field of R18
    @(166.2850 mm, 83.5500 mm): Pad 16 [LD_PWR_EN] of U1 on F.Cu
[silk_over_copper]: Silkscreen clipped by solder mask
    Local override; warning
    @(166.4000 mm, 84.5700 mm): Reference field of R18
    @(167.5550 mm, 83.5500 mm): Pad 17 [I2C_SCL] of U1 on F.Cu
[silk_over_copper]: Silkscreen clipped by solder mask
    Local override; warning
    @(200.7000 mm, 101.8700 mm): Reference field of R48
    @(200.8750 mm, 101.0000 mm): Pad 1 [N$24] of R49 on F.Cu
[silk_over_copper]: Silkscreen clipped by solder mask
    Local override; warning
    @(72.0500 mm, 122.3500 mm): Reference field of L2
    @(74.7000 mm, 122.6000 mm): PTH pad 1 [GND] of H3
[silk_over_copper]: Silkscreen clipped by solder mask
    Local override; warning
    @(86.0000 mm, 93.6000 mm): Reference field of Q7
    @(86.2750 mm, 93.1000 mm): Pad 1 [VSYS] of R74 on F.Cu
[silk_over_copper]: Silkscreen clipped by solder mask
    Local override; warning
    @(73.2700 mm, 88.9000 mm): Reference field of C89
    @(72.6000 mm, 89.4250 mm): Pad 1 [EPD_RESE] of R77 on F.Cu
[silk_over_copper]: Silkscreen clipped by solder mask
    Local override; warning
    @(73.2700 mm, 88.9000 mm): Reference field of C89
    @(72.6000 mm, 87.7750 mm): Pad 2 [GND] of R77 on F.Cu
[silk_over_copper]: Silkscreen clipped by solder mask
    Local override; warning
    @(73.7000 mm, 82.7700 mm): Reference field of C91
    @(74.7000 mm, 81.9750 mm): Pad 1 [3V3] of C88 on F.Cu
[silk_over_copper]: Silkscreen clipped by solder mask
    Local override; warning
    @(115.3700 mm, 79.5000 mm): Reference field of C37
    @(114.7000 mm, 80.6250 mm): Pad 2 [GND] of C29 on F.Cu
[silk_over_copper]: Silkscreen clipped by solder mask
    Local override; warning
    @(115.3700 mm, 79.5000 mm): Reference field of C37
    @(114.7000 mm, 78.4750 mm): Pad 1 [3V0] of C27 on F.Cu
[silk_over_copper]: Silkscreen clipped by solder mask
    Local override; warning
    @(102.6000 mm, 70.1700 mm): Reference field of C47
    @(101.9750 mm, 69.4000 mm): Pad 2 [GND] of C55 on F.Cu
[silk_over_copper]: Silkscreen clipped by solder mask
    Local override; warning
    @(97.3000 mm, 67.8700 mm): Reference field of FB2
    @(97.1375 mm, 67.4500 mm): Pad 4 [N$3] of U5 on F.Cu
[silk_over_copper]: Silkscreen clipped by solder mask
    Local override; warning
    @(101.2000 mm, 67.9700 mm): Reference field of C55
    @(102.1125 mm, 67.3000 mm): Pad 1 [N$20] of FB1 on F.Cu
[silk_over_copper]: Silkscreen clipped by solder mask
    Local override; warning
    @(170.2000 mm, 84.4700 mm): Reference field of R20
    @(170.0950 mm, 83.5500 mm): Pad 19 [EPD_MOSI] of U1 on F.Cu
[silk_over_copper]: Silkscreen clipped by solder mask
    Local override; warning
    @(170.2000 mm, 84.4700 mm): Reference field of R20
    @(171.3650 mm, 83.5500 mm): Pad 20 [EPD_SCK] of U1 on F.Cu
[silk_over_copper]: Silkscreen clipped by solder mask
    Local override; warning
    @(181.5000 mm, 91.9700 mm): Reference field of D22
    @(179.7625 mm, 91.5500 mm): Pad 2 [GND] of Q1 on F.Cu
[silk_over_copper]: Silkscreen clipped by solder mask
    Local override; warning
    @(180.7000 mm, 88.2000 mm): Reference field of Q1
    @(181.4000 mm, 87.6250 mm): Pad 1 [CHG_CE] of R12 on F.Cu
[silk_over_copper]: Silkscreen clipped by solder mask
    Local override; warning
    @(166.5000 mm, 61.3200 mm): Reference field of C14
    @(167.6750 mm, 60.5000 mm): Pad 1 [EN] of R16 on F.Cu
[silk_over_copper]: Silkscreen clipped by solder mask
    Local override; warning
    @(155.8700 mm, 75.8000 mm): Reference field of R21
    @(154.9000 mm, 76.2750 mm): Pad 1 [3V3] of C61 on F.Cu
[silk_over_copper]: Silkscreen clipped by solder mask
    Local override; warning
    @(153.4700 mm, 75.5000 mm): Reference field of C61
    @(152.4750 mm, 76.6350 mm): Pad 6 [I2C_SCL] of U13 on F.Cu
[silk_over_copper]: Silkscreen clipped by solder mask
    Local override; warning
    @(153.4700 mm, 75.5000 mm): Reference field of C61
    @(152.4750 mm, 75.3650 mm): Pad 7 [<no net>] of U13 on F.Cu
[silk_over_copper]: Silkscreen clipped by solder mask
    Local override; warning
    @(170.2000 mm, 84.4700 mm): Reference field of R20
    @(168.8250 mm, 83.5500 mm): Pad 18 [EPD_CS] of U1 on F.Cu
[silk_over_copper]: Silkscreen clipped by solder mask
    Local override; warning
    @(166.4000 mm, 84.5700 mm): Reference field of R18
    @(165.0150 mm, 83.5500 mm): Pad 15 [HS_VBUS_EN] of U1 on F.Cu
[silk_over_copper]: Silkscreen clipped by solder mask
    Local override; warning
    @(157.9700 mm, 76.9000 mm): Reference field of C66
    @(157.3000 mm, 76.6250 mm): Pad 1 [LD_OUT] of R21 on F.Cu
[silk_over_copper]: Silkscreen clipped by solder mask
    Local override; warning
    @(217.7000 mm, 62.5700 mm): Reference field of R43
    @(216.1000 mm, 61.8000 mm): Pad 1 [GND] of U11 on F.Cu
[silk_over_copper]: Silkscreen clipped by solder mask
    Local override; warning
    @(217.7000 mm, 62.5700 mm): Reference field of R43
    @(217.9000 mm, 61.8000 mm): Pad 3 [IR_PT_C] of U11 on F.Cu
[silk_over_copper]: Silkscreen clipped by solder mask
    Local override; warning
    @(201.3000 mm, 68.8700 mm): Reference field of R14
    @(201.6375 mm, 68.2500 mm): Pad 4 [VSYS] of U3 on F.Cu
[silk_over_copper]: Silkscreen clipped by solder mask
    Local override; warning
    @(202.5700 mm, 51.7000 mm): Reference field of R1
    @(201.9500 mm, 52.3375 mm): Pad 3 [USB_DN_C] of D1 on F.Cu
[silk_over_copper]: Silkscreen clipped by solder mask
    Local override; warning
    @(211.0000 mm, 56.4000 mm): Reference field of U10
    @(209.9750 mm, 55.8000 mm): Pad 2 [GND] of C58 on F.Cu
[silk_over_copper]: Silkscreen clipped by solder mask
    Local override; warning
    @(209.2000 mm, 60.3700 mm): Reference field of R41
    @(210.0625 mm, 59.7500 mm): Pad 2 [HOOK_HALL] of U10 on F.Cu
[silk_over_copper]: Silkscreen clipped by solder mask
    Local override; warning
    @(191.5000 mm, 58.6700 mm): Reference field of C1
    @(191.5000 mm, 57.9000 mm): Pad 1 [VBUS] of D3 on F.Cu
[silk_over_copper]: Silkscreen clipped by solder mask
    Local override; warning
    @(181.9700 mm, 74.2000 mm): Reference field of R19
    @(180.7500 mm, 73.4100 mm): Pad 34 [PA_EN] of U1 on F.Cu
[silk_over_copper]: Silkscreen clipped by solder mask
    Local override; warning
    @(118.0700 mm, 101.3000 mm): Reference field of R36
    @(117.2750 mm, 101.3000 mm): Pad 2 [REF_AC_MIC3P] of C43 on F.Cu
[silk_over_copper]: Silkscreen clipped by solder mask
    Local override; warning
    @(112.2000 mm, 102.3700 mm): Reference field of C51
    @(111.8250 mm, 101.6000 mm): Pad 1 [3V0] of C20 on F.Cu
[silk_over_copper]: Silkscreen clipped by solder mask
    Local override; warning
    @(112.2000 mm, 102.3700 mm): Reference field of C51
    @(113.3750 mm, 101.6000 mm): Pad 2 [GND] of C20 on F.Cu
[silk_over_copper]: Silkscreen clipped by solder mask
    Local override; warning
    @(117.2000 mm, 95.8700 mm): Reference field of C24
    @(117.9000 mm, 95.0750 mm): Pad 1 [DAC_OUTN] of C45 on F.Cu
[silk_over_copper]: Silkscreen clipped by solder mask
    Local override; warning
    @(115.0000 mm, 93.4700 mm): Reference field of C21
    @(114.7000 mm, 92.8750 mm): Pad 1 [ES8311_ADCVREF] of C23 on F.Cu
[silk_over_copper]: Silkscreen clipped by solder mask
    Local override; warning
    @(122.7700 mm, 86.4000 mm): Reference field of C12
    @(122.1375 mm, 87.0500 mm): Pad 5 [3V0] of U4 on F.Cu
[silk_over_copper]: Silkscreen clipped by solder mask
    Local override; warning
    @(86.0000 mm, 97.6000 mm): Reference field of Q8
    @(85.0625 mm, 96.9500 mm): Pad 2 [VSYS] of Q7 on F.Cu
[silk_over_copper]: Silkscreen clipped by solder mask
    Local override; warning
    @(113.2000 mm, 71.7700 mm): Reference field of C28
    @(113.3750 mm, 71.0000 mm): Pad 2 [GND] of C33 on F.Cu
[silk_over_copper]: Silkscreen clipped by solder mask
    Local override; warning
    @(116.4700 mm, 94.3000 mm): Reference field of C45
    @(115.7750 mm, 94.9000 mm): Pad 2 [GND] of C21 on F.Cu
[silk_over_copper]: Silkscreen clipped by solder mask
    Local override; warning
    @(89.0000 mm, 76.0000 mm): Reference field of D24
    @(88.6500 mm, 77.6000 mm): Pad 2 [EPD_CP] of C97 on F.Cu
[silk_over_copper]: Silkscreen clipped by solder mask
    Local override; warning
    @(97.7700 mm, 64.9000 mm): Reference field of C17
    @(97.1375 mm, 65.5500 mm): Pad 5 [VSYS] of U5 on F.Cu
[silk_over_copper]: Silkscreen clipped by solder mask
    Local override; warning
    @(77.8000 mm, 71.7700 mm): Reference field of C92
    @(78.5750 mm, 71.0000 mm): Pad 2 [GND] of C94 on F.Cu
[silk_over_copper]: Silkscreen clipped by solder mask
    Local override; warning
    @(77.8000 mm, 71.7700 mm): Reference field of C92
    @(77.0250 mm, 71.0000 mm): Pad 1 [EPD_VCOM] of C94 on F.Cu
[silk_over_copper]: Silkscreen clipped by solder mask
    Local override; warning
    @(54.8700 mm, 52.1000 mm): Reference field of C64
    @(54.1375 mm, 52.4500 mm): Pad 4 [HS_VBUS_EN] of U15 on F.Cu
[silk_over_copper]: Silkscreen clipped by solder mask
    Local override; warning
    @(53.0000 mm, 49.1000 mm): Reference field of U15
    @(51.5750 mm, 48.6000 mm): Pad 2 [GND] of C65 on F.Cu
[silk_over_copper]: Silkscreen clipped by solder mask
    Local override; warning
    @(53.0000 mm, 49.1000 mm): Reference field of U15
    @(54.3000 mm, 48.6250 mm): Pad 1 [N$25] of R52 on F.Cu
[silk_over_copper]: Silkscreen clipped by solder mask
    Local override; warning
    @(55.0700 mm, 47.1000 mm): Reference field of R51
    @(54.3000 mm, 46.9750 mm): Pad 2 [GND] of R52 on F.Cu
[silk_over_copper]: Silkscreen clipped by solder mask
    Local override; warning
    @(55.3700 mm, 57.0000 mm): Reference field of C2
    @(54.6500 mm, 57.0000 mm): Pad 2 [VBUS] of D8 on F.Cu
[silk_over_copper]: Silkscreen clipped by solder mask
    Local override; warning
    @(55.3700 mm, 61.5000 mm): Reference field of C3
    @(54.6500 mm, 61.5000 mm): Pad 2 [VSYS] of D9 on F.Cu
[silk_over_copper]: Silkscreen clipped by solder mask
    Local override; warning
    @(117.5000 mm, 75.0700 mm): Reference field of C42
    @(116.2000 mm, 74.3750 mm): Pad 1 [MICBIAS_IN] of C34 on F.Cu
[silk_over_copper]: Silkscreen clipped by solder mask
    Local override; warning
    @(114.7700 mm, 73.6000 mm): Reference field of C34
    @(113.9750 mm, 73.2000 mm): Pad 2 [GND] of C28 on F.Cu
[silk_over_copper]: Silkscreen clipped by solder mask
    Local override; warning
    @(112.6000 mm, 69.5700 mm): Reference field of C33
    @(113.3250 mm, 68.8000 mm): Pad 1 [N$16] of C48 on F.Cu
[silk_over_copper]: Silkscreen clipped by solder mask
    Local override; warning
    @(109.5000 mm, 71.8700 mm): Reference field of C31
    @(109.5000 mm, 71.0750 mm): Pad 1 [REF_DIV_N] of C46 on F.Cu
[silk_over_copper]: Silkscreen clipped by solder mask
    Local override; warning
    @(110.6000 mm, 83.6700 mm): Reference field of C36
    @(110.8250 mm, 83.0000 mm): Pad 1 [ES7210_REFQ12] of C30 on F.Cu
[silk_over_copper]: Silkscreen clipped by solder mask
    Local override; warning
    @(107.2000 mm, 91.2700 mm): Reference field of C38
    @(107.2250 mm, 90.5000 mm): Pad 2 [GND] of R27 on F.Cu
[silk_over_copper]: Silkscreen clipped by solder mask
    Local override; warning
    @(111.1000 mm, 91.3700 mm): Reference field of C22
    @(111.0250 mm, 90.5000 mm): Pad 1 [N$11] of C39 on F.Cu
[silk_overlap]: Silkscreen clearance
    Rule: board setup constraints silk; warning
    @(93.4500 mm, 85.8500 mm): Polygon of G1 on B.Silkscreen
    @(95.7100 mm, 87.0400 mm): Segment of J4 on B.Silkscreen
[silk_overlap]: Silkscreen clearance
    Rule: board setup constraints silk; warning
    @(93.6000 mm, 85.9000 mm): Polygon of G1 on B.Silkscreen
    @(95.7100 mm, 87.0400 mm): Segment of J4 on B.Silkscreen
[silk_overlap]: Silkscreen clearance
    Rule: board setup constraints silk; warning
    @(95.7100 mm, 85.7600 mm): Segment of J4 on B.Silkscreen
    @(96.2500 mm, 81.4500 mm): Polygon of G1 on B.Silkscreen
[silk_overlap]: Silkscreen clearance
    Rule: board setup constraints silk; warning
    @(93.7500 mm, 85.9500 mm): Polygon of G1 on B.Silkscreen
    @(95.7100 mm, 87.0400 mm): Segment of J4 on B.Silkscreen
[silk_overlap]: Silkscreen clearance
    Rule: board setup constraints silk; warning
    @(93.9000 mm, 86.0000 mm): Polygon of G1 on B.Silkscreen
    @(95.7100 mm, 87.0400 mm): Segment of J4 on B.Silkscreen
[silk_overlap]: Silkscreen clearance
    Rule: board setup constraints silk; warning
    @(94.0500 mm, 86.0500 mm): Polygon of G1 on B.Silkscreen
    @(95.7100 mm, 87.0400 mm): Segment of J4 on B.Silkscreen
[silk_overlap]: Silkscreen clearance
    Rule: board setup constraints silk; warning
    @(94.2000 mm, 86.1000 mm): Polygon of G1 on B.Silkscreen
    @(95.7100 mm, 87.0400 mm): Segment of J4 on B.Silkscreen
[silk_overlap]: Silkscreen clearance
    Rule: board setup constraints silk; warning
    @(94.3500 mm, 86.1500 mm): Polygon of G1 on B.Silkscreen
    @(95.7100 mm, 87.0400 mm): Segment of J4 on B.Silkscreen
[silk_overlap]: Silkscreen clearance
    Rule: board setup constraints silk; warning
    @(95.7100 mm, 87.0400 mm): Segment of J4 on B.Silkscreen
    @(94.5500 mm, 86.2000 mm): Polygon of G1 on B.Silkscreen
[silk_overlap]: Silkscreen clearance
    Rule: board setup constraints silk; warning
    @(95.7100 mm, 87.0400 mm): Segment of J4 on B.Silkscreen
    @(94.7500 mm, 86.2500 mm): Polygon of G1 on B.Silkscreen
[silk_overlap]: Silkscreen clearance
    Rule: board setup constraints silk; warning
    @(95.7100 mm, 87.0400 mm): Segment of J4 on B.Silkscreen
    @(94.9000 mm, 86.3000 mm): Polygon of G1 on B.Silkscreen
[silk_overlap]: Silkscreen clearance
    Rule: board setup constraints silk; warning
    @(100.0900 mm, 86.4406 mm): Segment of C56 on B.Silkscreen
    @(94.9000 mm, 86.3000 mm): Polygon of G1 on B.Silkscreen
[silk_overlap]: Silkscreen clearance
    Rule: board setup constraints silk; warning
    @(95.1000 mm, 86.3500 mm): Polygon of G1 on B.Silkscreen
    @(95.7100 mm, 87.0400 mm): Segment of J4 on B.Silkscreen
[silk_overlap]: Silkscreen clearance
    Rule: board setup constraints silk; warning
    @(95.1000 mm, 86.3500 mm): Polygon of G1 on B.Silkscreen
    @(100.0900 mm, 86.4406 mm): Segment of C56 on B.Silkscreen
[silk_overlap]: Silkscreen clearance
    Rule: board setup constraints silk; warning
    @(95.3500 mm, 86.4000 mm): Polygon of G1 on B.Silkscreen
    @(95.7100 mm, 87.0400 mm): Segment of J4 on B.Silkscreen
[silk_overlap]: Silkscreen clearance
    Rule: board setup constraints silk; warning
    @(100.0900 mm, 86.4406 mm): Segment of C56 on B.Silkscreen
    @(95.3500 mm, 86.4000 mm): Polygon of G1 on B.Silkscreen
[silk_overlap]: Silkscreen clearance
    Rule: board setup constraints silk; warning
    @(95.3500 mm, 86.4000 mm): Polygon of G1 on B.Silkscreen
    @(101.1100 mm, 86.4406 mm): Segment of C56 on B.Silkscreen
[silk_overlap]: Silkscreen clearance
    Rule: board setup constraints silk; warning
    @(96.3000 mm, 80.8000 mm): Polygon of G1 on B.Silkscreen
    @(97.3100 mm, 79.9400 mm): Segment of J4 on B.Silkscreen
[silk_overlap]: Silkscreen clearance
    Rule: board setup constraints silk; warning
    @(95.5500 mm, 86.4500 mm): Polygon of G1 on B.Silkscreen
    @(95.7100 mm, 87.0400 mm): Segment of J4 on B.Silkscreen
[silk_overlap]: Silkscreen clearance
    Rule: board setup constraints silk; warning
    @(102.0300 mm, 86.3000 mm): Reference field of C56
    @(95.5500 mm, 86.4500 mm): Polygon of G1 on B.Silkscreen
[silk_overlap]: Silkscreen clearance
    Rule: board setup constraints silk; warning
    @(100.0900 mm, 86.4406 mm): Segment of C56 on B.Silkscreen
    @(95.5500 mm, 86.4500 mm): Polygon of G1 on B.Silkscreen
[silk_overlap]: Silkscreen clearance
    Rule: board setup constraints silk; warning
    @(95.5500 mm, 86.4500 mm): Polygon of G1 on B.Silkscreen
    @(101.1100 mm, 86.4406 mm): Segment of C56 on B.Silkscreen
[silk_overlap]: Silkscreen clearance
    Rule: board setup constraints silk; warning
    @(102.0300 mm, 86.3000 mm): Reference field of C56
    @(95.8000 mm, 86.5000 mm): Polygon of G1 on B.Silkscreen
[silk_overlap]: Silkscreen clearance
    Rule: board setup constraints silk; warning
    @(95.8000 mm, 86.5000 mm): Polygon of G1 on B.Silkscreen
    @(100.0900 mm, 86.4406 mm): Segment of C56 on B.Silkscreen
[silk_overlap]: Silkscreen clearance
    Rule: board setup constraints silk; warning
    @(95.8000 mm, 86.5000 mm): Polygon of G1 on B.Silkscreen
    @(101.1100 mm, 86.4406 mm): Segment of C56 on B.Silkscreen
[silk_overlap]: Silkscreen clearance
    Rule: board setup constraints silk; warning
    @(102.0300 mm, 86.3000 mm): Reference field of C56
    @(96.1000 mm, 86.5500 mm): Polygon of G1 on B.Silkscreen
[silk_overlap]: Silkscreen clearance
    Rule: board setup constraints silk; warning
    @(102.0300 mm, 86.3000 mm): Reference field of C56
    @(96.4000 mm, 86.6000 mm): Polygon of G1 on B.Silkscreen
[silk_overlap]: Silkscreen clearance
    Rule: board setup constraints silk; warning
    @(96.5500 mm, 80.7500 mm): Polygon of G1 on B.Silkscreen
    @(97.3100 mm, 79.9400 mm): Segment of J4 on B.Silkscreen
[silk_overlap]: Silkscreen clearance
    Rule: board setup constraints silk; warning
    @(96.8000 mm, 80.7000 mm): Polygon of G1 on B.Silkscreen
    @(97.3100 mm, 79.9400 mm): Segment of J4 on B.Silkscreen
[silk_overlap]: Silkscreen clearance
    Rule: board setup constraints silk; warning
    @(97.0500 mm, 80.6500 mm): Polygon of G1 on B.Silkscreen
    @(97.3100 mm, 79.9400 mm): Segment of J4 on B.Silkscreen
[silk_overlap]: Silkscreen clearance
    Rule: board setup constraints silk; warning
    @(97.3500 mm, 80.6000 mm): Polygon of G1 on B.Silkscreen
    @(97.3100 mm, 79.9400 mm): Segment of J4 on B.Silkscreen
[silk_overlap]: Silkscreen clearance
    Rule: board setup constraints silk; warning
    @(102.0300 mm, 86.3000 mm): Reference field of C56
    @(97.4500 mm, 86.7500 mm): Polygon of G1 on B.Silkscreen
[silk_overlap]: Silkscreen clearance
    Rule: board setup constraints silk; warning
    @(102.0300 mm, 86.3000 mm): Reference field of C56
    @(97.8500 mm, 86.8000 mm): Polygon of G1 on B.Silkscreen
[silk_overlap]: Silkscreen clearance
    Rule: board setup constraints silk; warning
    @(102.0300 mm, 86.3000 mm): Reference field of C56
    @(98.5000 mm, 86.8500 mm): Polygon of G1 on B.Silkscreen
[silk_overlap]: Silkscreen clearance
    Rule: board setup constraints silk; warning
    @(99.1500 mm, 86.9000 mm): Polygon of G1 on B.Silkscreen
    @(102.0300 mm, 86.3000 mm): Reference field of C56
[silk_overlap]: Silkscreen clearance
    Rule: board setup constraints silk; warning
    @(99.8000 mm, 84.0000 mm): Reference field of J4
    @(99.4500 mm, 84.0500 mm): Polygon of G1 on B.Silkscreen
[silk_overlap]: Silkscreen clearance
    Rule: board setup constraints silk; warning
    @(99.8000 mm, 84.0000 mm): Reference field of J4
    @(99.5000 mm, 82.7500 mm): Polygon of G1 on B.Silkscreen
[silk_overlap]: Silkscreen clearance
    Rule: board setup constraints silk; warning
    @(102.0300 mm, 86.3000 mm): Reference field of C56
    @(99.5500 mm, 86.9500 mm): Polygon of G1 on B.Silkscreen
[silk_overlap]: Silkscreen clearance
    Rule: board setup constraints silk; warning
    @(102.0300 mm, 86.3000 mm): Reference field of C56
    @(100.3000 mm, 87.0000 mm): Polygon of G1 on B.Silkscreen
[silk_overlap]: Silkscreen clearance
    Rule: board setup constraints silk; warning
    @(102.0300 mm, 86.3000 mm): Reference field of C56
    @(101.0500 mm, 87.0500 mm): Polygon of G1 on B.Silkscreen
[silk_overlap]: Silkscreen clearance
    Rule: board setup constraints silk; warning
    @(102.0300 mm, 86.3000 mm): Reference field of C56
    @(101.7000 mm, 87.1000 mm): Polygon of G1 on B.Silkscreen
[silk_overlap]: Silkscreen clearance
    Rule: board setup constraints silk; warning
    @(102.0300 mm, 86.3000 mm): Reference field of C56
    @(102.3000 mm, 87.1500 mm): Polygon of G1 on B.Silkscreen
[silk_overlap]: Silkscreen clearance
    Rule: board setup constraints silk; warning
    @(102.9000 mm, 83.1500 mm): Polygon of G1 on B.Silkscreen
    @(103.2900 mm, 83.5406 mm): Segment of C57 on B.Silkscreen
[silk_overlap]: Silkscreen clearance
    Rule: board setup constraints silk; warning
    @(102.9500 mm, 83.2500 mm): Polygon of G1 on B.Silkscreen
    @(103.2900 mm, 83.5406 mm): Segment of C57 on B.Silkscreen
[silk_overlap]: Silkscreen clearance
    Rule: board setup constraints silk; warning
    @(102.9500 mm, 83.3000 mm): Polygon of G1 on B.Silkscreen
    @(103.2900 mm, 83.5406 mm): Segment of C57 on B.Silkscreen
[silk_overlap]: Silkscreen clearance
    Rule: board setup constraints silk; warning
    @(103.0000 mm, 83.4000 mm): Polygon of G1 on B.Silkscreen
    @(103.2900 mm, 83.5406 mm): Segment of C57 on B.Silkscreen
[silk_overlap]: Silkscreen clearance
    Rule: board setup constraints silk; warning
    @(103.0000 mm, 83.4500 mm): Polygon of G1 on B.Silkscreen
    @(103.2900 mm, 83.5406 mm): Segment of C57 on B.Silkscreen
[silk_overlap]: Silkscreen clearance
    Rule: board setup constraints silk; warning
    @(103.2900 mm, 83.5406 mm): Segment of C57 on B.Silkscreen
    @(103.0500 mm, 83.6000 mm): Polygon of G1 on B.Silkscreen
[silk_overlap]: Silkscreen clearance
    Rule: board setup constraints silk; warning
    @(95.7100 mm, 80.9600 mm): Segment of J4 on B.Silkscreen
    @(93.9000 mm, 81.5500 mm): Polygon of G1 on B.Silkscreen
[silk_overlap]: Silkscreen clearance
    Rule: board setup constraints silk; warning
    @(93.9500 mm, 81.5000 mm): Polygon of G1 on B.Silkscreen
    @(95.7100 mm, 80.9600 mm): Segment of J4 on B.Silkscreen
[silk_overlap]: Silkscreen clearance
    Rule: board setup constraints silk; warning
    @(95.7100 mm, 80.9600 mm): Segment of J4 on B.Silkscreen
    @(94.1000 mm, 81.4500 mm): Polygon of G1 on B.Silkscreen
[silk_overlap]: Silkscreen clearance
    Rule: board setup constraints silk; warning
    @(94.2000 mm, 81.4000 mm): Polygon of G1 on B.Silkscreen
    @(95.7100 mm, 80.9600 mm): Segment of J4 on B.Silkscreen
[silk_overlap]: Silkscreen clearance
    Rule: board setup constraints silk; warning
    @(94.3500 mm, 81.3500 mm): Polygon of G1 on B.Silkscreen
    @(95.7100 mm, 80.9600 mm): Segment of J4 on B.Silkscreen
[silk_overlap]: Silkscreen clearance
    Rule: board setup constraints silk; warning
    @(95.7100 mm, 80.9600 mm): Segment of J4 on B.Silkscreen
    @(94.4500 mm, 81.3000 mm): Polygon of G1 on B.Silkscreen
[silk_overlap]: Silkscreen clearance
    Rule: board setup constraints silk; warning
    @(94.6000 mm, 81.2500 mm): Polygon of G1 on B.Silkscreen
    @(95.7100 mm, 80.9600 mm): Segment of J4 on B.Silkscreen
[silk_overlap]: Silkscreen clearance
    Rule: board setup constraints silk; warning
    @(95.7100 mm, 80.9600 mm): Segment of J4 on B.Silkscreen
    @(94.8000 mm, 81.2000 mm): Polygon of G1 on B.Silkscreen
[silk_overlap]: Silkscreen clearance
    Rule: board setup constraints silk; warning
    @(94.9500 mm, 81.1500 mm): Polygon of G1 on B.Silkscreen
    @(95.7100 mm, 80.9600 mm): Segment of J4 on B.Silkscreen
[silk_overlap]: Silkscreen clearance
    Rule: board setup constraints silk; warning
    @(95.7100 mm, 80.9600 mm): Segment of J4 on B.Silkscreen
    @(95.1000 mm, 81.1000 mm): Polygon of G1 on B.Silkscreen
[silk_overlap]: Silkscreen clearance
    Rule: board setup constraints silk; warning
    @(95.7100 mm, 80.9600 mm): Segment of J4 on B.Silkscreen
    @(95.3500 mm, 81.0500 mm): Polygon of G1 on B.Silkscreen
[silk_overlap]: Silkscreen clearance
    Rule: board setup constraints silk; warning
    @(95.7100 mm, 80.9600 mm): Segment of J4 on B.Silkscreen
    @(95.5000 mm, 81.0000 mm): Polygon of G1 on B.Silkscreen
[silk_overlap]: Silkscreen clearance
    Rule: board setup constraints silk; warning
    @(95.5000 mm, 81.0000 mm): Polygon of G1 on B.Silkscreen
    @(97.3100 mm, 79.9400 mm): Segment of J4 on B.Silkscreen
[silk_overlap]: Silkscreen clearance
    Rule: board setup constraints silk; warning
    @(97.3100 mm, 80.9600 mm): Segment of J4 on B.Silkscreen
    @(95.5000 mm, 81.0000 mm): Polygon of G1 on B.Silkscreen
[silk_overlap]: Silkscreen clearance
    Rule: board setup constraints silk; warning
    @(95.7000 mm, 80.9500 mm): Polygon of G1 on B.Silkscreen
    @(95.7100 mm, 80.9600 mm): Segment of J4 on B.Silkscreen
[silk_overlap]: Silkscreen clearance
    Rule: board setup constraints silk; warning
    @(95.7000 mm, 80.9500 mm): Polygon of G1 on B.Silkscreen
    @(97.3100 mm, 79.9400 mm): Segment of J4 on B.Silkscreen
[silk_overlap]: Silkscreen clearance
    Rule: board setup constraints silk; warning
    @(97.3100 mm, 80.9600 mm): Segment of J4 on B.Silkscreen
    @(95.7000 mm, 80.9500 mm): Polygon of G1 on B.Silkscreen
[silk_overlap]: Silkscreen clearance
    Rule: board setup constraints silk; warning
    @(97.3100 mm, 79.9400 mm): Segment of J4 on B.Silkscreen
    @(95.9500 mm, 80.9000 mm): Polygon of G1 on B.Silkscreen
[silk_overlap]: Silkscreen clearance
    Rule: board setup constraints silk; warning
    @(97.3100 mm, 80.9600 mm): Segment of J4 on B.Silkscreen
    @(95.9500 mm, 80.9000 mm): Polygon of G1 on B.Silkscreen
[silk_overlap]: Silkscreen clearance
    Rule: board setup constraints silk; warning
    @(96.1500 mm, 80.8500 mm): Polygon of G1 on B.Silkscreen
    @(97.3100 mm, 79.9400 mm): Segment of J4 on B.Silkscreen
[silk_overlap]: Silkscreen clearance
    Rule: board setup constraints silk; warning
    @(134.8000 mm, 78.8300 mm): Reference field of R60
    @(133.6594 mm, 79.0900 mm): Segment of C68 on B.Silkscreen
[silk_overlap]: Silkscreen clearance
    Rule: board setup constraints silk; warning
    @(132.0000 mm, 80.9700 mm): Reference field of U17
    @(130.0000 mm, 80.7300 mm): Reference field of C69
[silk_overlap]: Silkscreen clearance
    Rule: board setup constraints silk; warning
    @(132.0000 mm, 80.9700 mm): Reference field of U17
    @(133.8000 mm, 81.0300 mm): Reference field of C68
[silk_overlap]: Silkscreen clearance
    Rule: board setup constraints silk; warning
    @(154.1600 mm, 65.5920 mm): Reference field of TP13
    @(154.1600 mm, 64.5000 mm): Circle of TP5 on B.Silkscreen
[silk_overlap]: Silkscreen clearance
    Rule: board setup constraints silk; warning
    @(154.1600 mm, 65.5920 mm): Reference field of TP13
    @(156.7000 mm, 65.5920 mm): Reference field of TP14
[silk_overlap]: Silkscreen clearance
    Rule: board setup constraints silk; warning
    @(154.1600 mm, 65.5920 mm): Reference field of TP13
    @(151.6200 mm, 65.5920 mm): Reference field of TP12
[silk_overlap]: Silkscreen clearance
    Rule: board setup constraints silk; warning
    @(156.7000 mm, 67.0400 mm): Circle of TP14 on B.Silkscreen
    @(156.7000 mm, 68.1320 mm): Reference field of TP20
[silk_overlap]: Silkscreen clearance
    Rule: board setup constraints silk; warning
    @(156.7000 mm, 69.5800 mm): Circle of TP20 on B.Silkscreen
    @(156.7000 mm, 70.6720 mm): Reference field of TP26
[silk_overlap]: Silkscreen clearance
    Rule: board setup constraints silk; warning
    @(151.6200 mm, 70.6720 mm): Reference field of TP24
    @(154.1600 mm, 70.6720 mm): Reference field of TP25
[silk_overlap]: Silkscreen clearance
    Rule: board setup constraints silk; warning
    @(151.6200 mm, 69.5800 mm): Circle of TP18 on B.Silkscreen
    @(151.6200 mm, 70.6720 mm): Reference field of TP24
[silk_overlap]: Silkscreen clearance
    Rule: board setup constraints silk; warning
    @(154.1600 mm, 68.1320 mm): Reference field of TP19
    @(151.6200 mm, 68.1320 mm): Reference field of TP18
[silk_overlap]: Silkscreen clearance
    Rule: board setup constraints silk; warning
    @(151.6200 mm, 68.1320 mm): Reference field of TP18
    @(151.6200 mm, 67.0400 mm): Circle of TP12 on B.Silkscreen
[silk_overlap]: Silkscreen clearance
    Rule: board setup constraints silk; warning
    @(149.0800 mm, 64.5000 mm): Circle of TP3 on B.Silkscreen
    @(149.0800 mm, 65.5920 mm): Reference field of TP9
[silk_overlap]: Silkscreen clearance
    Rule: board setup constraints silk; warning
    @(149.0800 mm, 67.0400 mm): Circle of TP9 on B.Silkscreen
    @(149.0800 mm, 68.1320 mm): Reference field of TP17
[silk_overlap]: Silkscreen clearance
    Rule: board setup constraints silk; warning
    @(151.6200 mm, 68.1320 mm): Reference field of TP18
    @(149.0800 mm, 68.1320 mm): Reference field of TP17
[silk_overlap]: Silkscreen clearance
    Rule: board setup constraints silk; warning
    @(156.7000 mm, 64.5000 mm): Circle of TP6 on B.Silkscreen
    @(156.7000 mm, 65.5920 mm): Reference field of TP14
[silk_overlap]: Silkscreen clearance
    Rule: board setup constraints silk; warning
    @(156.7000 mm, 63.0520 mm): Reference field of TP6
    @(150.0000 mm, 63.2000 mm): PCB text 'TEST PADS 2.54 mm' on B.Silkscreen
[silk_overlap]: Silkscreen clearance
    Rule: board setup constraints silk; warning
    @(154.1600 mm, 63.0520 mm): Reference field of TP5
    @(150.0000 mm, 63.2000 mm): PCB text 'TEST PADS 2.54 mm' on B.Silkscreen
[silk_overlap]: Silkscreen clearance
    Rule: board setup constraints silk; warning
    @(158.6000 mm, 63.7000 mm): Reference field of SW10
    @(156.7000 mm, 63.0520 mm): Reference field of TP6
[silk_overlap]: Silkscreen clearance
    Rule: board setup constraints silk; warning
    @(158.6000 mm, 63.7000 mm): Reference field of SW10
    @(156.7000 mm, 64.5000 mm): Circle of TP6 on B.Silkscreen
[silk_overlap]: Silkscreen clearance
    Rule: board setup constraints silk; warning
    @(154.1600 mm, 68.1320 mm): Reference field of TP19
    @(154.1600 mm, 67.0400 mm): Circle of TP13 on B.Silkscreen
[silk_overlap]: Silkscreen clearance
    Rule: board setup constraints silk; warning
    @(151.6200 mm, 63.0520 mm): Reference field of TP4
    @(150.0000 mm, 63.2000 mm): PCB text 'TEST PADS 2.54 mm' on B.Silkscreen
[silk_overlap]: Silkscreen clearance
    Rule: board setup constraints silk; warning
    @(149.0800 mm, 63.0520 mm): Reference field of TP3
    @(150.0000 mm, 63.2000 mm): PCB text 'TEST PADS 2.54 mm' on B.Silkscreen
[silk_overlap]: Silkscreen clearance
    Rule: board setup constraints silk; warning
    @(154.1600 mm, 68.1320 mm): Reference field of TP19
    @(156.7000 mm, 68.1320 mm): Reference field of TP20
[silk_overlap]: Silkscreen clearance
    Rule: board setup constraints silk; warning
    @(149.0800 mm, 70.6720 mm): Reference field of TP23
    @(151.6200 mm, 70.6720 mm): Reference field of TP24
[silk_overlap]: Silkscreen clearance
    Rule: board setup constraints silk; warning
    @(214.0500 mm, 90.3000 mm): Polygon of SW5 on B.Silkscreen
    @(213.7300 mm, 91.3000 mm): Reference field of R31
[silk_overlap]: Silkscreen clearance
    Rule: board setup constraints silk; warning
    @(211.5300 mm, 92.1000 mm): Reference field of R32
    @(211.7775 mm, 91.5373 mm): Segment of R31 on B.Silkscreen
[silk_overlap]: Silkscreen clearance
    Rule: board setup constraints silk; warning
    @(212.5000 mm, 91.3000 mm): Reference field of SW5
    @(212.8225 mm, 91.5373 mm): Segment of R31 on B.Silkscreen
[silk_overlap]: Silkscreen clearance
    Rule: board setup constraints silk; warning
    @(146.5400 mm, 63.0520 mm): Reference field of TP2
    @(150.0000 mm, 63.2000 mm): PCB text 'TEST PADS 2.54 mm' on B.Silkscreen
[silk_overlap]: Silkscreen clearance
    Rule: board setup constraints silk; warning
    @(146.5400 mm, 64.5000 mm): Circle of TP2 on B.Silkscreen
    @(146.5400 mm, 65.5920 mm): Reference field of TP8
[silk_overlap]: Silkscreen clearance
    Rule: board setup constraints silk; warning
    @(144.0000 mm, 63.0520 mm): Reference field of TP1
    @(150.0000 mm, 63.2000 mm): PCB text 'TEST PADS 2.54 mm' on B.Silkscreen
[silk_overlap]: Silkscreen clearance
    Rule: board setup constraints silk; warning
    @(144.0000 mm, 65.5920 mm): Reference field of TP7
    @(144.0000 mm, 64.5000 mm): Circle of TP1 on B.Silkscreen
[silk_overlap]: Silkscreen clearance
    Rule: board setup constraints silk; warning
    @(144.0000 mm, 69.5800 mm): Circle of TP15 on B.Silkscreen
    @(144.0000 mm, 70.6720 mm): Reference field of TP21
[silk_overlap]: Silkscreen clearance
    Rule: board setup constraints silk; warning
    @(146.5400 mm, 70.6720 mm): Reference field of TP22
    @(144.0000 mm, 70.6720 mm): Reference field of TP21
[silk_overlap]: Silkscreen clearance
    Rule: board setup constraints silk; warning
    @(146.5400 mm, 70.6720 mm): Reference field of TP22
    @(149.0800 mm, 70.6720 mm): Reference field of TP23
[silk_overlap]: Silkscreen clearance
    Rule: board setup constraints silk; warning
    @(146.5400 mm, 70.6720 mm): Reference field of TP22
    @(146.5400 mm, 69.5800 mm): Circle of TP16 on B.Silkscreen
[silk_overlap]: Silkscreen clearance
    Rule: board setup constraints silk; warning
    @(144.0000 mm, 67.0400 mm): Circle of TP7 on B.Silkscreen
    @(144.0000 mm, 68.1320 mm): Reference field of TP15
[silk_overlap]: Silkscreen clearance
    Rule: board setup constraints silk; warning
    @(146.5400 mm, 68.1320 mm): Reference field of TP16
    @(144.0000 mm, 68.1320 mm): Reference field of TP15
[silk_overlap]: Silkscreen clearance
    Rule: board setup constraints silk; warning
    @(146.5400 mm, 68.1320 mm): Reference field of TP16
    @(149.0800 mm, 68.1320 mm): Reference field of TP17
[silk_overlap]: Silkscreen clearance
    Rule: board setup constraints silk; warning
    @(146.5400 mm, 68.1320 mm): Reference field of TP16
    @(146.5400 mm, 67.0400 mm): Circle of TP8 on B.Silkscreen
[silk_overlap]: Silkscreen clearance
    Rule: board setup constraints silk; warning
    @(151.6200 mm, 64.5000 mm): Circle of TP4 on B.Silkscreen
    @(151.6200 mm, 65.5920 mm): Reference field of TP12
[silk_overlap]: Silkscreen clearance
    Rule: board setup constraints silk; warning
    @(156.7000 mm, 70.6720 mm): Reference field of TP26
    @(154.1600 mm, 70.6720 mm): Reference field of TP25
[silk_overlap]: Silkscreen clearance
    Rule: board setup constraints silk; warning
    @(149.0800 mm, 69.5800 mm): Circle of TP17 on B.Silkscreen
    @(149.0800 mm, 70.6720 mm): Reference field of TP23
[silk_overlap]: Silkscreen clearance
    Rule: board setup constraints silk; warning
    @(154.1600 mm, 69.5800 mm): Circle of TP19 on B.Silkscreen
    @(154.1600 mm, 70.6720 mm): Reference field of TP25
[silk_over_copper]: Silkscreen clipped by solder mask
    Local override; warning
    @(76.3000 mm, 50.8000 mm): Segment of SW6 on B.Silkscreen
    @(75.3150 mm, 52.2600 mm): Pad 1 [KEY_1] of SW6 on B.Cu
[silk_over_copper]: Silkscreen clipped by solder mask
    Local override; warning
    @(96.2500 mm, 81.4500 mm): Polygon of G1 on B.Silkscreen
    @(96.8500 mm, 85.0000 mm): Pad 1 [SPK_VOP] of J4 on B.Cu
[silk_over_copper]: Silkscreen clipped by solder mask
    Local override; warning
    @(96.2500 mm, 81.4500 mm): Polygon of G1 on B.Silkscreen
    @(96.8500 mm, 83.0000 mm): Pad 2 [SPK_VON] of J4 on B.Cu
[silk_over_copper]: Silkscreen clipped by solder mask
    Local override; warning
    @(97.0500 mm, 86.7000 mm): Polygon of G1 on B.Silkscreen
    @(100.6000 mm, 87.0750 mm): Pad 1 [SPK_VOP] of C56 on B.Cu
[silk_over_copper]: Silkscreen clipped by solder mask
    Local override; warning
    @(96.4000 mm, 86.6000 mm): Polygon of G1 on B.Silkscreen
    @(100.6000 mm, 87.0750 mm): Pad 1 [SPK_VOP] of C56 on B.Cu
[silk_over_copper]: Silkscreen clipped by solder mask
    Local override; warning
    @(96.7000 mm, 86.6500 mm): Polygon of G1 on B.Silkscreen
    @(100.6000 mm, 87.0750 mm): Pad 1 [SPK_VOP] of C56 on B.Cu
[silk_over_copper]: Silkscreen clipped by solder mask
    Local override; warning
    @(97.4500 mm, 86.7500 mm): Polygon of G1 on B.Silkscreen
    @(100.6000 mm, 87.0750 mm): Pad 1 [SPK_VOP] of C56 on B.Cu
[silk_over_copper]: Silkscreen clipped by solder mask
    Local override; warning
    @(97.8500 mm, 86.8000 mm): Polygon of G1 on B.Silkscreen
    @(100.6000 mm, 87.0750 mm): Pad 1 [SPK_VOP] of C56 on B.Cu
[silk_over_copper]: Silkscreen clipped by solder mask
    Local override; warning
    @(98.5000 mm, 86.8500 mm): Polygon of G1 on B.Silkscreen
    @(100.6000 mm, 87.0750 mm): Pad 1 [SPK_VOP] of C56 on B.Cu
[silk_over_copper]: Silkscreen clipped by solder mask
    Local override; warning
    @(99.1500 mm, 86.9000 mm): Polygon of G1 on B.Silkscreen
    @(100.6000 mm, 87.0750 mm): Pad 1 [SPK_VOP] of C56 on B.Cu
[silk_over_copper]: Silkscreen clipped by solder mask
    Local override; warning
    @(99.5500 mm, 86.9500 mm): Polygon of G1 on B.Silkscreen
    @(100.6000 mm, 87.0750 mm): Pad 1 [SPK_VOP] of C56 on B.Cu
[silk_over_copper]: Silkscreen clipped by solder mask
    Local override; warning
    @(100.3000 mm, 87.0000 mm): Polygon of G1 on B.Silkscreen
    @(100.6000 mm, 87.0750 mm): Pad 1 [SPK_VOP] of C56 on B.Cu
[silk_over_copper]: Silkscreen clipped by solder mask
    Local override; warning
    @(101.0500 mm, 87.0500 mm): Polygon of G1 on B.Silkscreen
    @(100.6000 mm, 87.0750 mm): Pad 1 [SPK_VOP] of C56 on B.Cu
[silk_over_copper]: Silkscreen clipped by solder mask
    Local override; warning
    @(103.0500 mm, 83.6500 mm): Polygon of G1 on B.Silkscreen
    @(103.8000 mm, 84.1750 mm): Pad 1 [SPK_VON] of C57 on B.Cu
[silk_over_copper]: Silkscreen clipped by solder mask
    Local override; warning
    @(103.1000 mm, 83.8000 mm): Polygon of G1 on B.Silkscreen
    @(103.8000 mm, 84.1750 mm): Pad 1 [SPK_VON] of C57 on B.Cu
[silk_over_copper]: Silkscreen clipped by solder mask
    Local override; warning
    @(103.1000 mm, 83.8500 mm): Polygon of G1 on B.Silkscreen
    @(103.8000 mm, 84.1750 mm): Pad 1 [SPK_VON] of C57 on B.Cu
[silk_over_copper]: Silkscreen clipped by solder mask
    Local override; warning
    @(103.1500 mm, 84.0000 mm): Polygon of G1 on B.Silkscreen
    @(103.8000 mm, 84.1750 mm): Pad 1 [SPK_VON] of C57 on B.Cu
[silk_over_copper]: Silkscreen clipped by solder mask
    Local override; warning
    @(103.1500 mm, 84.0500 mm): Polygon of G1 on B.Silkscreen
    @(103.8000 mm, 84.1750 mm): Pad 1 [SPK_VON] of C57 on B.Cu
[silk_over_copper]: Silkscreen clipped by solder mask
    Local override; warning
    @(103.2000 mm, 84.2000 mm): Polygon of G1 on B.Silkscreen
    @(103.8000 mm, 84.1750 mm): Pad 1 [SPK_VON] of C57 on B.Cu
[silk_over_copper]: Silkscreen clipped by solder mask
    Local override; warning
    @(103.2000 mm, 84.2500 mm): Polygon of G1 on B.Silkscreen
    @(103.8000 mm, 84.1750 mm): Pad 1 [SPK_VON] of C57 on B.Cu
[silk_over_copper]: Silkscreen clipped by solder mask
    Local override; warning
    @(103.2500 mm, 84.4000 mm): Polygon of G1 on B.Silkscreen
    @(103.8000 mm, 84.1750 mm): Pad 1 [SPK_VON] of C57 on B.Cu
[silk_over_copper]: Silkscreen clipped by solder mask
    Local override; warning
    @(103.2500 mm, 84.5000 mm): Polygon of G1 on B.Silkscreen
    @(103.8000 mm, 84.1750 mm): Pad 1 [SPK_VON] of C57 on B.Cu
[silk_over_copper]: Silkscreen clipped by solder mask
    Local override; warning
    @(95.3500 mm, 50.8000 mm): Segment of SW7 on B.Silkscreen
    @(94.3650 mm, 52.2600 mm): Pad 1 [KEY_2] of SW7 on B.Cu
[silk_over_copper]: Silkscreen clipped by solder mask
    Local override; warning
    @(101.4500 mm, 57.2800 mm): Reference field of D10
    @(101.4500 mm, 54.8000 mm): NPTH pad of SW7
[silk_over_copper]: Silkscreen clipped by solder mask
    Local override; warning
    @(114.4000 mm, 50.8000 mm): Segment of SW8 on B.Silkscreen
    @(113.4150 mm, 52.2600 mm): Pad 1 [KEY_3] of SW8 on B.Cu
[silk_over_copper]: Silkscreen clipped by solder mask
    Local override; warning
    @(120.5000 mm, 57.2800 mm): Reference field of D11
    @(120.5000 mm, 54.8000 mm): NPTH pad of SW8
[silk_over_copper]: Silkscreen clipped by solder mask
    Local override; warning
    @(177.6500 mm, 115.2800 mm): Reference field of D15
    @(177.6500 mm, 112.8000 mm): NPTH pad of SW17
[silk_over_copper]: Silkscreen clipped by solder mask
    Local override; warning
    @(158.6000 mm, 115.2800 mm): Reference field of D16
    @(158.6000 mm, 112.8000 mm): NPTH pad of SW15
[silk_over_copper]: Silkscreen clipped by solder mask
    Local override; warning
    @(152.5000 mm, 108.8000 mm): Segment of SW15 on B.Silkscreen
    @(151.5150 mm, 110.2600 mm): Pad 1 [KEY_0] of SW15 on B.Cu
[silk_over_copper]: Silkscreen clipped by solder mask
    Local override; warning
    @(171.5500 mm, 108.8000 mm): Segment of SW17 on B.Silkscreen
    @(170.5650 mm, 110.2600 mm): Pad 1 [KEY_BACK] of SW17 on B.Cu
[silk_over_copper]: Silkscreen clipped by solder mask
    Local override; warning
    @(139.5500 mm, 115.2800 mm): Reference field of D17
    @(139.5500 mm, 112.8000 mm): NPTH pad of SW14
[silk_over_copper]: Silkscreen clipped by solder mask
    Local override; warning
    @(134.8000 mm, 78.8300 mm): Reference field of R60
    @(134.5750 mm, 79.6000 mm): Pad 2 [GND] of C68 on B.Cu
[silk_over_copper]: Silkscreen clipped by solder mask
    Local override; warning
    @(133.4500 mm, 108.8000 mm): Segment of SW14 on B.Silkscreen
    @(132.4650 mm, 110.2600 mm): Pad 1 [KEY_9] of SW14 on B.Cu
[silk_over_copper]: Silkscreen clipped by solder mask
    Local override; warning
    @(152.5000 mm, 50.8000 mm): Segment of SW10 on B.Silkscreen
    @(151.5150 mm, 52.2600 mm): Pad 1 [KEY_5] of SW10 on B.Cu
[silk_over_copper]: Silkscreen clipped by solder mask
    Local override; warning
    @(177.6500 mm, 57.2800 mm): Reference field of D14
    @(177.6500 mm, 54.8000 mm): NPTH pad of SW16
[silk_over_copper]: Silkscreen clipped by solder mask
    Local override; warning
    @(171.5500 mm, 50.8000 mm): Segment of SW16 on B.Silkscreen
    @(170.5650 mm, 52.2600 mm): Pad 1 [KEY_MENU] of SW16 on B.Cu
[silk_over_copper]: Silkscreen clipped by solder mask
    Local override; warning
    @(212.5000 mm, 91.3000 mm): Reference field of SW5
    @(212.3000 mm, 92.1250 mm): Pad 1 [MICBIAS_OUT] of R31 on B.Cu
[silk_over_copper]: Silkscreen clipped by solder mask
    Local override; warning
    @(212.5000 mm, 91.3000 mm): Reference field of SW5
    @(212.3000 mm, 90.4750 mm): Pad 2 [GND] of R31 on B.Cu
[silk_over_copper]: Silkscreen clipped by solder mask
    Local override; warning
    @(213.7300 mm, 91.3000 mm): Reference field of R31
    @(214.5000 mm, 91.3000 mm): PTH pad 1 [MICBIAS_OUT] of SW5
[silk_over_copper]: Silkscreen clipped by solder mask
    Local override; warning
    @(211.5300 mm, 92.1000 mm): Reference field of R32
    @(212.3000 mm, 92.1250 mm): Pad 1 [MICBIAS_OUT] of R31 on B.Cu
[silk_over_copper]: Silkscreen clipped by solder mask
    Local override; warning
    @(114.4000 mm, 108.8000 mm): Segment of SW13 on B.Silkscreen
    @(113.4150 mm, 110.2600 mm): Pad 1 [KEY_8] of SW13 on B.Cu
[silk_over_copper]: Silkscreen clipped by solder mask
    Local override; warning
    @(120.5000 mm, 115.2800 mm): Reference field of D18
    @(120.5000 mm, 112.8000 mm): NPTH pad of SW13
[silk_over_copper]: Silkscreen clipped by solder mask
    Local override; warning
    @(95.3500 mm, 108.8000 mm): Segment of SW12 on B.Silkscreen
    @(94.3650 mm, 110.2600 mm): Pad 1 [KEY_7] of SW12 on B.Cu
[silk_over_copper]: Silkscreen clipped by solder mask
    Local override; warning
    @(76.3000 mm, 108.8000 mm): Segment of SW11 on B.Silkscreen
    @(75.3150 mm, 110.2600 mm): Pad 1 [KEY_6] of SW11 on B.Cu
[silk_over_copper]: Silkscreen clipped by solder mask
    Local override; warning
    @(82.4000 mm, 115.2800 mm): Reference field of D20
    @(82.4000 mm, 112.8000 mm): NPTH pad of SW11
[silk_over_copper]: Silkscreen clipped by solder mask
    Local override; warning
    @(101.4500 mm, 115.2800 mm): Reference field of D19
    @(101.4500 mm, 112.8000 mm): NPTH pad of SW12
[silk_over_copper]: Silkscreen clipped by solder mask
    Local override; warning
    @(158.6000 mm, 57.2800 mm): Reference field of D13
    @(158.6000 mm, 54.8000 mm): NPTH pad of SW10
[silk_over_copper]: Silkscreen clipped by solder mask
    Local override; warning
    @(139.5500 mm, 57.2800 mm): Reference field of D12
    @(139.5500 mm, 54.8000 mm): NPTH pad of SW9
[silk_over_copper]: Silkscreen clipped by solder mask
    Local override; warning
    @(133.4500 mm, 50.8000 mm): Segment of SW9 on B.Silkscreen
    @(132.4650 mm, 52.2600 mm): Pad 1 [KEY_4] of SW9 on B.Cu

** Found 36 unconnected pads **
[unconnected_items]: Missing connection between items
    Local override; error
    @(40.0000 mm, 40.0000 mm): Zone 'GND_In1.Cu' [GND] on In1.Cu, priority 0
    @(40.0000 mm, 40.0000 mm): Zone 'GND_F.Cu' [GND] on F.Cu, priority 0
[unconnected_items]: Missing connection between items
    Local override; error
    @(40.0000 mm, 40.0000 mm): Zone 'GND_F.Cu' [GND] on F.Cu, priority 0
    @(40.0000 mm, 40.0000 mm): Zone 'GND_In1.Cu' [GND] on In1.Cu, priority 0
[unconnected_items]: Missing connection between items
    Local override; error
    @(40.0000 mm, 40.0000 mm): Zone 'GND_B.Cu' [GND] on B.Cu, priority 0
    @(40.0000 mm, 40.0000 mm): Zone 'GND_B.Cu' [GND] on B.Cu, priority 0
[unconnected_items]: Missing connection between items
    Local override; error
    @(40.0000 mm, 40.0000 mm): Zone 'GND_In1.Cu' [GND] on In1.Cu, priority 0
    @(40.0000 mm, 40.0000 mm): Zone 'GND_F.Cu' [GND] on F.Cu, priority 0
[unconnected_items]: Missing connection between items
    Local override; error
    @(131.7500 mm, 82.2125 mm): Pad 21 [3V3] of U17 on B.Cu
    @(127.9000 mm, 82.0000 mm): Track [3V3] on In2.Cu, length 1.4142 mm
[unconnected_items]: Missing connection between items
    Local override; error
    @(143.2375 mm, 95.7500 mm): Pad 2 [3V3] of U12 on F.Cu
    @(143.2375 mm, 96.2500 mm): Pad 3 [3V3] of U12 on F.Cu
[unconnected_items]: Missing connection between items
    Local override; error
    @(142.5000 mm, 97.5000 mm): Track [3V3] on In2.Cu, length 0.8000 mm
    @(143.2375 mm, 96.2500 mm): Pad 3 [3V3] of U12 on F.Cu
[unconnected_items]: Missing connection between items
    Local override; error
    @(110.2000 mm, 76.0500 mm): Pad 28 [N$16] of U7 on F.Cu
    @(113.3250 mm, 68.8000 mm): Pad 1 [N$16] of C48 on F.Cu
[unconnected_items]: Missing connection between items
    Local override; error
    @(110.1000 mm, 94.7000 mm): Track [I2C_SDA] on In2.Cu, length 0.1414 mm
    @(108.0500 mm, 77.4000 mm): Pad 3 [I2C_SDA] of U7 on F.Cu
[unconnected_items]: Missing connection between items
    Local override; error
    @(131.2500 mm, 82.2125 mm): Pad 20 [I2C_SDA] of U17 on B.Cu
    @(141.8000 mm, 95.9000 mm): Track [I2C_SDA] on B.Cu, length 18.7000 mm
[unconnected_items]: Missing connection between items
    Local override; error
    @(117.8000 mm, 74.9000 mm): Pad 1 [BASEMIC_N] of NT1 on F.Cu
    @(116.7250 mm, 76.5000 mm): Pad 1 [BASEMIC_N] of C42 on F.Cu
[unconnected_items]: Missing connection between items
    Local override; error
    @(196.3000 mm, 98.8000 mm): Pad 2 [BASEMIC_N] of MK1 on F.Cu
    @(117.8000 mm, 74.9000 mm): Pad 1 [BASEMIC_N] of NT1 on F.Cu
[unconnected_items]: Missing connection between items
    Local override; error
    @(143.7000 mm, 100.6000 mm): Track [IRQ] on F.Cu, length 0.1414 mm
    @(132.2500 mm, 82.2125 mm): Pad 22 [IRQ] of U17 on B.Cu
[unconnected_items]: Missing connection between items
    Local override; error
    @(107.5000 mm, 86.9250 mm): Pad 1 [N$5] of R28 on F.Cu
    @(109.4000 mm, 79.9500 mm): Pad 11 [N$5] of U7 on F.Cu
[unconnected_items]: Missing connection between items
    Local override; error
    @(111.4500 mm, 96.6000 mm): Pad 14 [ES8311_DACVREF] of U6 on F.Cu
    @(116.4250 mm, 97.3000 mm): Pad 1 [ES8311_DACVREF] of C24 on F.Cu
[unconnected_items]: Missing connection between items
    Local override; error
    @(108.0500 mm, 77.0000 mm): Pad 2 [N$7] of U7 on F.Cu
    @(114.9000 mm, 85.9250 mm): Pad 1 [N$7] of R30 on F.Cu
[unconnected_items]: Missing connection between items
    Local override; error
    @(104.1000 mm, 73.7250 mm): Pad 2 [N$14] of C44 on F.Cu
    @(109.0000 mm, 76.0500 mm): Pad 31 [N$14] of U7 on F.Cu
[unconnected_items]: Missing connection between items
    Local override; error
    @(111.4250 mm, 103.8000 mm): Pad 1 [DAC_OUTP] of C51 on F.Cu
    @(115.7250 mm, 101.3000 mm): Pad 1 [DAC_OUTP] of C43 on F.Cu
[unconnected_items]: Missing connection between items
    Local override; error
    @(115.7250 mm, 101.3000 mm): Pad 1 [DAC_OUTP] of C43 on F.Cu
    @(111.4500 mm, 97.4000 mm): Pad 12 [DAC_OUTP] of U6 on F.Cu
[unconnected_items]: Missing connection between items
    Local override; error
    @(108.0500 mm, 78.2000 mm): Pad 5 [I2S_MCLK] of U7 on F.Cu
    @(108.5500 mm, 96.6000 mm): Pad 2 [I2S_MCLK] of U6 on F.Cu
[unconnected_items]: Missing connection between items
    Local override; error
    @(163.2500 mm, 75.9500 mm): Pad 9 [I2S_MCLK] of U1 on F.Cu
    @(108.0500 mm, 78.2000 mm): Pad 5 [I2S_MCLK] of U7 on F.Cu
[unconnected_items]: Missing connection between items
    Local override; error
    @(110.8250 mm, 83.0000 mm): Pad 1 [ES7210_REFQ12] of C30 on F.Cu
    @(111.9500 mm, 79.0000 mm): Pad 18 [ES7210_REFQ12] of U7 on F.Cu
[unconnected_items]: Missing connection between items
    Local override; error
    @(111.9500 mm, 78.6000 mm): Pad 19 [N$12] of U7 on F.Cu
    @(117.3000 mm, 82.3250 mm): Pad 2 [N$12] of C41 on F.Cu
[unconnected_items]: Missing connection between items
    Local override; error
    @(108.7250 mm, 73.3000 mm): Pad 1 [ES7210_REFP34] of C31 on F.Cu
    @(109.8000 mm, 76.0500 mm): Pad 29 [ES7210_REFP34] of U7 on F.Cu
[unconnected_items]: Missing connection between items
    Local override; error
    @(110.4000 mm, 95.5500 mm): Pad 17 [N$11] of U6 on F.Cu
    @(111.0250 mm, 90.5000 mm): Pad 1 [N$11] of C39 on F.Cu
[unconnected_items]: Missing connection between items
    Local override; error
    @(109.6000 mm, 98.4500 mm): Pad 7 [ES8311_ASDOUT] of U6 on F.Cu
    @(144.0000 mm, 64.5000 mm): Pad 1 [ES8311_ASDOUT] of TP1 on B.Cu
[unconnected_items]: Missing connection between items
    Local override; error
    @(106.4250 mm, 92.7000 mm): Pad 1 [N$10] of C38 on F.Cu
    @(110.0000 mm, 95.5500 mm): Pad 18 [N$10] of U6 on F.Cu
[unconnected_items]: Missing connection between items
    Local override; error
    @(130.2125 mm, 84.7500 mm): Pad 14 [MUTE_SENSE] of U17 on B.Cu
    @(127.6000 mm, 86.6250 mm): Pad 1 [MUTE_SENSE] of R59 on B.Cu
[unconnected_items]: Missing connection between items
    Local override; error
    @(130.2125 mm, 84.7500 mm): Pad 14 [MUTE_SENSE] of U17 on B.Cu
    @(209.0500 mm, 98.3625 mm): Pad 4 [MUTE_SENSE] of D5 on B.Cu
[unconnected_items]: Missing connection between items
    Local override; error
    @(209.0500 mm, 98.3625 mm): Pad 4 [MUTE_SENSE] of D5 on B.Cu
    @(217.8000 mm, 91.3000 mm): PTH pad 6 [MUTE_SENSE] of SW5
[unconnected_items]: Missing connection between items
    Local override; error
    @(151.5150 mm, 110.2600 mm): Pad 1 [KEY_0] of SW15 on B.Cu
    @(133.7875 mm, 83.2500 mm): Pad 2 [KEY_0] of U17 on B.Cu
[unconnected_items]: Missing connection between items
    Local override; error
    @(153.0000 mm, 118.7050 mm): Pad 1 [KEY_0] of R70 on B.Cu
    @(151.5150 mm, 110.2600 mm): Pad 1 [KEY_0] of SW15 on B.Cu
[unconnected_items]: Missing connection between items
    Local override; error
    @(170.5650 mm, 110.2600 mm): Pad 1 [KEY_BACK] of SW17 on B.Cu
    @(130.2125 mm, 83.2500 mm): Pad 17 [KEY_BACK] of U17 on B.Cu
[unconnected_items]: Missing connection between items
    Local override; error
    @(172.0500 mm, 118.7050 mm): Pad 1 [KEY_BACK] of R72 on B.Cu
    @(170.5650 mm, 110.2600 mm): Pad 1 [KEY_BACK] of SW17 on B.Cu
[unconnected_items]: Missing connection between items
    Local override; error
    @(132.4650 mm, 110.2600 mm): Pad 1 [KEY_9] of SW14 on B.Cu
    @(133.9500 mm, 118.7050 mm): Pad 1 [KEY_9] of R69 on B.Cu
[unconnected_items]: Missing connection between items
    Local override; error
    @(133.7875 mm, 82.7500 mm): Pad 1 [KEY_9] of U17 on B.Cu
    @(132.4650 mm, 110.2600 mm): Pad 1 [KEY_9] of SW14 on B.Cu

** Found 0 Footprint errors **

** Ignored checks **
    - Footprint has no courtyard defined
    - Track endpoint not centered on via
    - Tuning profile track geometries
    - Footprint doesn't match symbol's footprint filters
    - Footprint component type doesn't match footprint pads

** End of Report **
